time (months),crack length (arbitary unit),rul (months),item_index,Time to failure (months),Failure mode
0,0.0036858465916629,39,item_16,39.0,Fatigue crack
1,-0.01469080612443,38,item_16,39.0,Fatigue crack
2,-0.0489118501494417,37,item_16,39.0,Fatigue crack
3,-0.000898451931064,36,item_16,39.0,Fatigue crack
4,-0.0073597936865751,35,item_16,39.0,Fatigue crack
5,0.0167321023377135,34,item_16,39.0,Fatigue crack
6,-0.0094425358540481,33,item_16,39.0,Fatigue crack
7,0.0268041513775471,32,item_16,39.0,Fatigue crack
8,-0.0151467389369205,31,item_16,39.0,Fatigue crack
9,0.0093854082676733,30,item_16,39.0,Fatigue crack
10,0.1095683684925547,29,item_16,39.0,Fatigue crack
11,0.0854128141085625,28,item_16,39.0,Fatigue crack
12,0.0911256097022722,27,item_16,39.0,Fatigue crack
13,-0.0028278736200504,26,item_16,39.0,Fatigue crack
14,-0.0398609628227339,25,item_16,39.0,Fatigue crack
15,0.0833660285669551,24,item_16,39.0,Fatigue crack
16,0.0752767931820068,23,item_16,39.0,Fatigue crack
17,0.0896839836186886,22,item_16,39.0,Fatigue crack
18,0.1151059586624564,21,item_16,39.0,Fatigue crack
19,0.1389001980865828,20,item_16,39.0,Fatigue crack
20,0.0959927197047927,19,item_16,39.0,Fatigue crack
21,0.0650137752002297,18,item_16,39.0,Fatigue crack
22,0.2962000799286299,17,item_16,39.0,Fatigue crack
23,0.2668823288003392,16,item_16,39.0,Fatigue crack
24,0.2860332023001667,15,item_16,39.0,Fatigue crack
25,0.3466515417523814,14,item_16,39.0,Fatigue crack
26,0.298669324794678,13,item_16,39.0,Fatigue crack
27,0.4609867100411251,12,item_16,39.0,Fatigue crack
28,0.4313505816665752,11,item_16,39.0,Fatigue crack
29,0.3868266580487028,10,item_16,39.0,Fatigue crack
30,0.4606512609508061,9,item_16,39.0,Fatigue crack
31,0.6766156182933692,8,item_16,39.0,Fatigue crack
32,0.6301717802839457,7,item_16,39.0,Fatigue crack
33,0.69043926297936,6,item_16,39.0,Fatigue crack
34,0.6449106115025953,5,item_16,39.0,Fatigue crack
35,0.7690419332221614,4,item_16,39.0,Fatigue crack
36,0.7569971412106956,3,item_16,39.0,Fatigue crack
37,0.8680953510084066,2,item_16,39.0,Fatigue crack
38,0.8225281595965708,1,item_16,39.0,Fatigue crack
39,0.8619536142777607,0,item_16,39.0,Fatigue crack
0,0.0040890918602878,48,item_17,48.0,Fatigue crack
1,0.1057824630724805,47,item_17,48.0,Fatigue crack
2,-0.046938985373411,46,item_17,48.0,Fatigue crack
3,0.0757547425025342,45,item_17,48.0,Fatigue crack
4,-0.0003031493312331,44,item_17,48.0,Fatigue crack
5,0.0712524570132116,43,item_17,48.0,Fatigue crack
6,-0.0335209171294041,42,item_17,48.0,Fatigue crack
7,0.0263681369319321,41,item_17,48.0,Fatigue crack
8,0.0335008575337314,40,item_17,48.0,Fatigue crack
9,0.0385623474102399,39,item_17,48.0,Fatigue crack
10,-0.1094478270048925,38,item_17,48.0,Fatigue crack
11,0.1163810283857382,37,item_17,48.0,Fatigue crack
12,0.0577632898232772,36,item_17,48.0,Fatigue crack
13,0.0549370993806635,35,item_17,48.0,Fatigue crack
14,0.0873020663385983,34,item_17,48.0,Fatigue crack
15,0.0163487093202393,33,item_17,48.0,Fatigue crack
16,0.0651633617174651,32,item_17,48.0,Fatigue crack
17,0.1162462059783042,31,item_17,48.0,Fatigue crack
18,0.1674157837871349,30,item_17,48.0,Fatigue crack
19,0.1619450499997776,29,item_17,48.0,Fatigue crack
20,0.1446620082112471,28,item_17,48.0,Fatigue crack
21,0.2146866892769413,27,item_17,48.0,Fatigue crack
22,0.1862654139934109,26,item_17,48.0,Fatigue crack
23,0.1630105105654392,25,item_17,48.0,Fatigue crack
24,0.2619812221157571,24,item_17,48.0,Fatigue crack
25,0.2842053499681998,23,item_17,48.0,Fatigue crack
26,0.3253590177127253,22,item_17,48.0,Fatigue crack
27,0.4000183682659053,21,item_17,48.0,Fatigue crack
28,0.4162538485406478,20,item_17,48.0,Fatigue crack
29,0.4913099167064834,19,item_17,48.0,Fatigue crack
30,0.4371420799852061,18,item_17,48.0,Fatigue crack
31,0.4551635905409448,17,item_17,48.0,Fatigue crack
32,0.4841406539366071,16,item_17,48.0,Fatigue crack
33,0.6490751934654012,15,item_17,48.0,Fatigue crack
34,0.7146141460404598,14,item_17,48.0,Fatigue crack
35,0.6707494117886762,13,item_17,48.0,Fatigue crack
36,0.7260149842735412,12,item_17,48.0,Fatigue crack
37,0.6768613171872752,11,item_17,48.0,Fatigue crack
38,0.745049508677625,10,item_17,48.0,Fatigue crack
39,0.741838453611398,9,item_17,48.0,Fatigue crack
40,0.8179219314047657,8,item_17,48.0,Fatigue crack
41,0.9548011928173324,7,item_17,48.0,Fatigue crack
42,0.8492530852089148,6,item_17,48.0,Fatigue crack
43,0.7863462073461936,5,item_17,48.0,Fatigue crack
44,0.8338505685458923,4,item_17,48.0,Fatigue crack
45,0.8172676254272062,3,item_17,48.0,Fatigue crack
46,0.861726528209784,2,item_17,48.0,Fatigue crack
47,0.7816804302593089,1,item_17,48.0,Fatigue crack
48,0.880299263439912,0,item_17,48.0,Fatigue crack
0,0.012480539621415,35,item_29,35.0,Fatigue crack
1,0.0551718692021993,34,item_29,35.0,Fatigue crack
2,-0.0528969103500406,33,item_29,35.0,Fatigue crack
3,0.0452285081315801,32,item_29,35.0,Fatigue crack
4,0.0684091625407273,31,item_29,35.0,Fatigue crack
5,0.0215961480049488,30,item_29,35.0,Fatigue crack
6,0.048159606669975,29,item_29,35.0,Fatigue crack
7,0.1198157944110857,28,item_29,35.0,Fatigue crack
8,0.0759371852931589,27,item_29,35.0,Fatigue crack
9,0.0176857831578888,26,item_29,35.0,Fatigue crack
10,0.053080365273662,25,item_29,35.0,Fatigue crack
11,-0.0212367718957224,24,item_29,35.0,Fatigue crack
12,0.0949712309749057,23,item_29,35.0,Fatigue crack
13,0.0846736473391267,22,item_29,35.0,Fatigue crack
14,0.0865766451442106,21,item_29,35.0,Fatigue crack
15,0.1647681420984962,20,item_29,35.0,Fatigue crack
16,0.1738611948065457,19,item_29,35.0,Fatigue crack
17,0.2277262237906517,18,item_29,35.0,Fatigue crack
18,0.1861657717192235,17,item_29,35.0,Fatigue crack
19,0.3089662353286138,16,item_29,35.0,Fatigue crack
20,0.3947017820198587,15,item_29,35.0,Fatigue crack
21,0.3424825015024155,14,item_29,35.0,Fatigue crack
22,0.3842223833724314,13,item_29,35.0,Fatigue crack
23,0.5214801159118588,12,item_29,35.0,Fatigue crack
24,0.4796160133089071,11,item_29,35.0,Fatigue crack
25,0.6017243489413207,10,item_29,35.0,Fatigue crack
26,0.5620484222071194,9,item_29,35.0,Fatigue crack
27,0.5814012602945653,8,item_29,35.0,Fatigue crack
28,0.6705288940952195,7,item_29,35.0,Fatigue crack
29,0.7733589131756533,6,item_29,35.0,Fatigue crack
30,0.7410613728796838,5,item_29,35.0,Fatigue crack
31,0.7550056081542986,4,item_29,35.0,Fatigue crack
32,0.7126176221055067,3,item_29,35.0,Fatigue crack
33,0.7886612410942483,2,item_29,35.0,Fatigue crack
34,0.833773428500462,1,item_29,35.0,Fatigue crack
35,0.826591689073482,0,item_29,35.0,Fatigue crack
0,0.0120927564475521,36,item_15,36.0,Fatigue crack
1,0.0058739973110605,35,item_15,36.0,Fatigue crack
2,0.0335032226575679,34,item_15,36.0,Fatigue crack
3,-0.0120280159958542,33,item_15,36.0,Fatigue crack
4,0.0181890115837029,32,item_15,36.0,Fatigue crack
5,0.0511872634924267,31,item_15,36.0,Fatigue crack
6,0.1250271068151719,30,item_15,36.0,Fatigue crack
7,0.0288362057965004,29,item_15,36.0,Fatigue crack
8,0.0292593053571929,28,item_15,36.0,Fatigue crack
9,0.0208623988784135,27,item_15,36.0,Fatigue crack
10,0.0915932333947142,26,item_15,36.0,Fatigue crack
11,0.0563207886888817,25,item_15,36.0,Fatigue crack
12,-0.0584390807611336,24,item_15,36.0,Fatigue crack
13,0.1141322174516198,23,item_15,36.0,Fatigue crack
14,0.1000004658942425,22,item_15,36.0,Fatigue crack
15,0.1336817113651147,21,item_15,36.0,Fatigue crack
16,0.1705233338401804,20,item_15,36.0,Fatigue crack
17,0.1706934374363644,19,item_15,36.0,Fatigue crack
18,0.1946261524173651,18,item_15,36.0,Fatigue crack
19,0.2195732896626568,17,item_15,36.0,Fatigue crack
20,0.2760358581628023,16,item_15,36.0,Fatigue crack
21,0.2556541137400744,15,item_15,36.0,Fatigue crack
22,0.3467337778980489,14,item_15,36.0,Fatigue crack
23,0.3564477675247207,13,item_15,36.0,Fatigue crack
24,0.4555503416621312,12,item_15,36.0,Fatigue crack
25,0.4205641202668227,11,item_15,36.0,Fatigue crack
26,0.4710720091880431,10,item_15,36.0,Fatigue crack
27,0.5012881011855075,9,item_15,36.0,Fatigue crack
28,0.5770127212418039,8,item_15,36.0,Fatigue crack
29,0.5926269320979307,7,item_15,36.0,Fatigue crack
30,0.6555219236678324,6,item_15,36.0,Fatigue crack
31,0.6957649980244062,5,item_15,36.0,Fatigue crack
32,0.7712921338901182,4,item_15,36.0,Fatigue crack
33,0.7633379552997405,3,item_15,36.0,Fatigue crack
34,0.7857650258542083,2,item_15,36.0,Fatigue crack
35,0.7630568116594271,1,item_15,36.0,Fatigue crack
36,0.8484634026087464,0,item_15,36.0,Fatigue crack
0,0.0067916604772835,36,item_14,36.0,Fatigue crack
1,-0.0946315858493336,35,item_14,36.0,Fatigue crack
2,0.0281238586204387,34,item_14,36.0,Fatigue crack
3,-0.0021853733759216,33,item_14,36.0,Fatigue crack
4,0.0409879800976448,32,item_14,36.0,Fatigue crack
5,0.0028045329801933,31,item_14,36.0,Fatigue crack
6,0.0975773943717296,30,item_14,36.0,Fatigue crack
7,-0.029042464620503,29,item_14,36.0,Fatigue crack
8,0.0151504688563022,28,item_14,36.0,Fatigue crack
9,0.0219980531369338,27,item_14,36.0,Fatigue crack
10,0.0523015172482594,26,item_14,36.0,Fatigue crack
11,0.0712881827263937,25,item_14,36.0,Fatigue crack
12,0.0042146029557907,24,item_14,36.0,Fatigue crack
13,0.0582666337749213,23,item_14,36.0,Fatigue crack
14,0.1438546215437951,22,item_14,36.0,Fatigue crack
15,0.1010673029175295,21,item_14,36.0,Fatigue crack
16,0.1066045335255389,20,item_14,36.0,Fatigue crack
17,0.1871528000910683,19,item_14,36.0,Fatigue crack
18,0.0637179005663222,18,item_14,36.0,Fatigue crack
19,0.1583927440605773,17,item_14,36.0,Fatigue crack
20,0.2650724182441119,16,item_14,36.0,Fatigue crack
21,0.2778516581773064,15,item_14,36.0,Fatigue crack
22,0.2903747406679344,14,item_14,36.0,Fatigue crack
23,0.3329428019740877,13,item_14,36.0,Fatigue crack
24,0.3783693973260104,12,item_14,36.0,Fatigue crack
25,0.3343530832035654,11,item_14,36.0,Fatigue crack
26,0.5179884862694975,10,item_14,36.0,Fatigue crack
27,0.4981057043875684,9,item_14,36.0,Fatigue crack
28,0.6123343961243876,8,item_14,36.0,Fatigue crack
29,0.5224984421179143,7,item_14,36.0,Fatigue crack
30,0.6363237210595932,6,item_14,36.0,Fatigue crack
31,0.6791445618910776,5,item_14,36.0,Fatigue crack
32,0.6874167598221073,4,item_14,36.0,Fatigue crack
33,0.6816066768884838,3,item_14,36.0,Fatigue crack
34,0.7373941104816593,2,item_14,36.0,Fatigue crack
35,0.8530348961605638,1,item_14,36.0,Fatigue crack
36,0.7602949539775065,0,item_14,36.0,Fatigue crack
0,0.0096178036387976,33,item_28,33.0,Control board failure
1,-0.0455651374665372,32,item_28,33.0,Control board failure
2,0.0006364523315142,31,item_28,33.0,Control board failure
3,0.0062894775579955,30,item_28,33.0,Control board failure
4,0.0110346390766107,29,item_28,33.0,Control board failure
5,0.0790044449736931,28,item_28,33.0,Control board failure
6,0.0437211661496836,27,item_28,33.0,Control board failure
7,0.0483892733393653,26,item_28,33.0,Control board failure
8,0.0043267323293713,25,item_28,33.0,Control board failure
9,0.0386257039313479,24,item_28,33.0,Control board failure
10,0.018978185824385,23,item_28,33.0,Control board failure
11,0.0739664973761945,22,item_28,33.0,Control board failure
12,0.0954195524381365,21,item_28,33.0,Control board failure
13,0.1680714323382371,20,item_28,33.0,Control board failure
14,0.1218910197794609,19,item_28,33.0,Control board failure
15,0.1042824795122835,18,item_28,33.0,Control board failure
16,0.1817871035088383,17,item_28,33.0,Control board failure
17,0.2825539619597672,16,item_28,33.0,Control board failure
18,0.2369850320464579,15,item_28,33.0,Control board failure
19,0.288223402198852,14,item_28,33.0,Control board failure
20,0.3426027743904994,13,item_28,33.0,Control board failure
21,0.306991903014826,12,item_28,33.0,Control board failure
22,0.3821172390680127,11,item_28,33.0,Control board failure
23,0.4089400130239221,10,item_28,33.0,Control board failure
24,0.4484114643664108,9,item_28,33.0,Control board failure
25,0.544860101818067,8,item_28,33.0,Control board failure
26,0.5776178172630797,7,item_28,33.0,Control board failure
27,0.6535367166234796,6,item_28,33.0,Control board failure
28,0.5498642648612146,5,item_28,33.0,Control board failure
29,0.7177194304569151,4,item_28,33.0,Control board failure
30,0.6991949829241999,3,item_28,33.0,Control board failure
31,0.8853952095406499,2,item_28,33.0,Control board failure
32,0.79265268743147,1,item_28,33.0,Control board failure
33,0.7822523352015486,0,item_28,33.0,Control board failure
34,0.7981865931743114,0,item_28,33.0,Control board failure
0,0.0110402447203883,39,item_10,39.0,Fatigue crack
1,-0.0161538074164525,38,item_10,39.0,Fatigue crack
2,0.0535854284483898,37,item_10,39.0,Fatigue crack
3,0.1079207602369485,36,item_10,39.0,Fatigue crack
4,0.1167159881797122,35,item_10,39.0,Fatigue crack
5,0.0360885969360031,34,item_10,39.0,Fatigue crack
6,0.0343110259905438,33,item_10,39.0,Fatigue crack
7,0.0197641317154976,32,item_10,39.0,Fatigue crack
8,0.0704592333416323,31,item_10,39.0,Fatigue crack
9,0.1026104625690033,30,item_10,39.0,Fatigue crack
10,0.0040971637167813,29,item_10,39.0,Fatigue crack
11,0.062271481293037,28,item_10,39.0,Fatigue crack
12,0.1278735499480692,27,item_10,39.0,Fatigue crack
13,0.0834021749944635,26,item_10,39.0,Fatigue crack
14,0.0708849856014386,25,item_10,39.0,Fatigue crack
15,0.1391845573173425,24,item_10,39.0,Fatigue crack
16,0.16240908861437,23,item_10,39.0,Fatigue crack
17,0.0857712904393274,22,item_10,39.0,Fatigue crack
18,0.1845487849754941,21,item_10,39.0,Fatigue crack
19,0.186297893320267,20,item_10,39.0,Fatigue crack
20,0.2481047061381141,19,item_10,39.0,Fatigue crack
21,0.2831743006607654,18,item_10,39.0,Fatigue crack
22,0.3486170270721683,17,item_10,39.0,Fatigue crack
23,0.3432482177055165,16,item_10,39.0,Fatigue crack
24,0.4968262411706364,15,item_10,39.0,Fatigue crack
25,0.4019879049770753,14,item_10,39.0,Fatigue crack
26,0.4910287350371265,13,item_10,39.0,Fatigue crack
27,0.5490570244080377,12,item_10,39.0,Fatigue crack
28,0.6654296540892388,11,item_10,39.0,Fatigue crack
29,0.6621772283037443,10,item_10,39.0,Fatigue crack
30,0.6306888609834332,9,item_10,39.0,Fatigue crack
31,0.7765701332411818,8,item_10,39.0,Fatigue crack
32,0.7027103191012439,7,item_10,39.0,Fatigue crack
33,0.7991137131582668,6,item_10,39.0,Fatigue crack
34,0.8085396878828779,5,item_10,39.0,Fatigue crack
35,0.8863830124483469,4,item_10,39.0,Fatigue crack
36,0.927844462708336,3,item_10,39.0,Fatigue crack
37,0.9161225998474218,2,item_10,39.0,Fatigue crack
38,0.829654830351157,1,item_10,39.0,Fatigue crack
39,0.793805966317495,0,item_10,39.0,Fatigue crack
0,0.0052929144222659,39,item_38,39.0,Fatigue crack
1,-0.0123301847816674,38,item_38,39.0,Fatigue crack
2,0.0623502510339346,37,item_38,39.0,Fatigue crack
3,0.1077562067599938,36,item_38,39.0,Fatigue crack
4,0.0437251051536513,35,item_38,39.0,Fatigue crack
5,0.0256614829959814,34,item_38,39.0,Fatigue crack
6,-0.0573648703260946,33,item_38,39.0,Fatigue crack
7,0.0325501493540846,32,item_38,39.0,Fatigue crack
8,-0.1003015109226091,31,item_38,39.0,Fatigue crack
9,0.0764949111447751,30,item_38,39.0,Fatigue crack
10,0.0807923478763013,29,item_38,39.0,Fatigue crack
11,-0.0171523714513475,28,item_38,39.0,Fatigue crack
12,0.1165420846913471,27,item_38,39.0,Fatigue crack
13,0.1269408434176969,26,item_38,39.0,Fatigue crack
14,0.1452359947860864,25,item_38,39.0,Fatigue crack
15,0.1745696161631555,24,item_38,39.0,Fatigue crack
16,0.1070908762661667,23,item_38,39.0,Fatigue crack
17,0.1443447903002924,22,item_38,39.0,Fatigue crack
18,0.2439544769298723,21,item_38,39.0,Fatigue crack
19,0.1570202590880534,20,item_38,39.0,Fatigue crack
20,0.0842560307837174,19,item_38,39.0,Fatigue crack
21,0.218055564763293,18,item_38,39.0,Fatigue crack
22,0.2859149136111336,17,item_38,39.0,Fatigue crack
23,0.313018935937587,16,item_38,39.0,Fatigue crack
24,0.3757814723874541,15,item_38,39.0,Fatigue crack
25,0.3612338793007263,14,item_38,39.0,Fatigue crack
26,0.4506676708031366,13,item_38,39.0,Fatigue crack
27,0.4593392828816426,12,item_38,39.0,Fatigue crack
28,0.5325381935030434,11,item_38,39.0,Fatigue crack
29,0.7173087957062696,10,item_38,39.0,Fatigue crack
30,0.6324905572439483,9,item_38,39.0,Fatigue crack
31,0.6346642513261883,8,item_38,39.0,Fatigue crack
32,0.7627094577483627,7,item_38,39.0,Fatigue crack
33,0.7396979189961421,6,item_38,39.0,Fatigue crack
34,0.7844524461220329,5,item_38,39.0,Fatigue crack
35,0.7959597249293764,4,item_38,39.0,Fatigue crack
36,0.8364737073660969,3,item_38,39.0,Fatigue crack
37,0.758577242310558,2,item_38,39.0,Fatigue crack
38,0.7866966362223639,1,item_38,39.0,Fatigue crack
39,0.8911359239734602,0,item_38,39.0,Fatigue crack
0,0.0072140996545886,40,item_39,,
1,-0.0068594622708513,39,item_39,,
2,-0.0637663757857613,38,item_39,,
3,-0.0808794335449025,37,item_39,,
4,-0.0446260879329427,36,item_39,,
5,0.0281086526047873,35,item_39,,
6,0.0828524860455481,34,item_39,,
7,0.0203782325457864,33,item_39,,
8,0.0151882145837219,32,item_39,,
9,0.0874088328895417,31,item_39,,
10,0.037566188651597,30,item_39,,
11,0.0562837386957233,29,item_39,,
12,-0.0084110981983315,28,item_39,,
13,0.058865134540185,27,item_39,,
14,0.1541394092811829,26,item_39,,
15,0.1539699996416775,25,item_39,,
16,0.1489993429356588,24,item_39,,
17,0.309396668740718,23,item_39,,
18,0.2464540910292759,22,item_39,,
19,0.2628928611261619,21,item_39,,
20,0.2678904111716875,20,item_39,,
21,0.2883703672931672,19,item_39,,
22,0.3954515952175189,18,item_39,,
23,0.4321195371746107,17,item_39,,
24,0.4347158299404479,16,item_39,,
25,0.4832446511535324,15,item_39,,
26,0.4553947682476332,14,item_39,,
27,0.512632723395953,13,item_39,,
28,0.5988345386129315,12,item_39,,
29,0.631512012784778,11,item_39,,
30,0.6192054037758785,10,item_39,,
31,0.6237916221728773,9,item_39,,
32,0.8215082177217724,8,item_39,,
33,0.8299663138166179,7,item_39,,
34,0.7601517026467898,6,item_39,,
35,0.8118917934017678,5,item_39,,
36,0.8314105206251448,4,item_39,,
37,0.7717680829859943,3,item_39,,
38,0.9009443955718204,2,item_39,,
39,0.906030473674451,1,item_39,,
40,0.9681997420214916,0,item_39,,
0,0.0033520551380543,46,item_11,46.0,Fatigue crack
1,0.0390582223760173,45,item_11,46.0,Fatigue crack
2,0.006624296135335,44,item_11,46.0,Fatigue crack
3,-0.0256161862960063,43,item_11,46.0,Fatigue crack
4,-0.010086677987046,42,item_11,46.0,Fatigue crack
5,0.0143402127979439,41,item_11,46.0,Fatigue crack
6,0.046464215871656,40,item_11,46.0,Fatigue crack
7,-0.026425774376174,39,item_11,46.0,Fatigue crack
8,0.0020382302712845,38,item_11,46.0,Fatigue crack
9,0.0151478818878089,37,item_11,46.0,Fatigue crack
10,-0.0046598423747669,36,item_11,46.0,Fatigue crack
11,0.0713816811565581,35,item_11,46.0,Fatigue crack
12,0.0584800840000949,34,item_11,46.0,Fatigue crack
13,0.0906156465628989,33,item_11,46.0,Fatigue crack
14,0.0511876595463631,32,item_11,46.0,Fatigue crack
15,-0.0672867946052592,31,item_11,46.0,Fatigue crack
16,0.0860535841446074,30,item_11,46.0,Fatigue crack
17,0.0310974107401592,29,item_11,46.0,Fatigue crack
18,0.1114911924028034,28,item_11,46.0,Fatigue crack
19,0.1373044161051687,27,item_11,46.0,Fatigue crack
20,0.1328276418688272,26,item_11,46.0,Fatigue crack
21,0.086075055002691,25,item_11,46.0,Fatigue crack
22,0.0920203715798019,24,item_11,46.0,Fatigue crack
23,0.1728014017642022,23,item_11,46.0,Fatigue crack
24,0.2262355760797326,22,item_11,46.0,Fatigue crack
25,0.0970091686618081,21,item_11,46.0,Fatigue crack
26,0.0213385512644669,20,item_11,46.0,Fatigue crack
27,0.2554192152909414,19,item_11,46.0,Fatigue crack
28,0.2709166432428323,18,item_11,46.0,Fatigue crack
29,0.2414262758412993,17,item_11,46.0,Fatigue crack
30,0.3935464061077904,16,item_11,46.0,Fatigue crack
31,0.5640557361561573,15,item_11,46.0,Fatigue crack
32,0.4052460809482662,14,item_11,46.0,Fatigue crack
33,0.4914269911531034,13,item_11,46.0,Fatigue crack
34,0.5336498510080884,12,item_11,46.0,Fatigue crack
35,0.4832863263466571,11,item_11,46.0,Fatigue crack
36,0.5907147108837869,10,item_11,46.0,Fatigue crack
37,0.6362445581457452,9,item_11,46.0,Fatigue crack
38,0.6047097360277587,8,item_11,46.0,Fatigue crack
39,0.6729714321496553,7,item_11,46.0,Fatigue crack
40,0.7974936594004093,6,item_11,46.0,Fatigue crack
41,0.7770539328346863,5,item_11,46.0,Fatigue crack
42,0.7677320342603181,4,item_11,46.0,Fatigue crack
43,0.8660175127303026,3,item_11,46.0,Fatigue crack
44,0.8318809412573994,2,item_11,46.0,Fatigue crack
45,0.6770102167830268,1,item_11,46.0,Fatigue crack
46,0.9575242019269538,0,item_11,46.0,Fatigue crack
0,0.0114016521768017,37,item_13,37.0,Fatigue crack
1,0.0630362803469057,36,item_13,37.0,Fatigue crack
2,0.0085345400136239,35,item_13,37.0,Fatigue crack
3,-0.0110721409062949,34,item_13,37.0,Fatigue crack
4,-0.0072510683680828,33,item_13,37.0,Fatigue crack
5,-0.023091184807139,32,item_13,37.0,Fatigue crack
6,0.0426951769622707,31,item_13,37.0,Fatigue crack
7,-0.0337448596732218,30,item_13,37.0,Fatigue crack
8,0.0203897330538543,29,item_13,37.0,Fatigue crack
9,0.0311665115787363,28,item_13,37.0,Fatigue crack
10,0.1614730828695283,27,item_13,37.0,Fatigue crack
11,0.0005143789699685,26,item_13,37.0,Fatigue crack
12,0.0508534549345629,25,item_13,37.0,Fatigue crack
13,0.0994200808511378,24,item_13,37.0,Fatigue crack
14,0.1415126465240487,23,item_13,37.0,Fatigue crack
15,0.1222814742849013,22,item_13,37.0,Fatigue crack
16,0.1609671340711368,21,item_13,37.0,Fatigue crack
17,0.1910072433806334,20,item_13,37.0,Fatigue crack
18,0.1432281861031528,19,item_13,37.0,Fatigue crack
19,0.2184934940892752,18,item_13,37.0,Fatigue crack
20,0.2041461113862793,17,item_13,37.0,Fatigue crack
21,0.2238732593135213,16,item_13,37.0,Fatigue crack
22,0.3551999196213815,15,item_13,37.0,Fatigue crack
23,0.3569685342499637,14,item_13,37.0,Fatigue crack
24,0.4172351784715117,13,item_13,37.0,Fatigue crack
25,0.5103252010067298,12,item_13,37.0,Fatigue crack
26,0.4707145226095975,11,item_13,37.0,Fatigue crack
27,0.507516862810797,10,item_13,37.0,Fatigue crack
28,0.5192887954740694,9,item_13,37.0,Fatigue crack
29,0.6106509740809973,8,item_13,37.0,Fatigue crack
30,0.6898688949089335,7,item_13,37.0,Fatigue crack
31,0.6909091298248395,6,item_13,37.0,Fatigue crack
32,0.7169752065925524,5,item_13,37.0,Fatigue crack
33,0.7809138746339916,4,item_13,37.0,Fatigue crack
34,0.7705269013036962,3,item_13,37.0,Fatigue crack
35,0.7832225522342838,2,item_13,37.0,Fatigue crack
36,0.901466508832854,1,item_13,37.0,Fatigue crack
37,0.8391034018783772,0,item_13,37.0,Fatigue crack
0,0.0031148767601589,27,item_12,27.0,Control board failure
1,0.0597410467558969,26,item_12,27.0,Control board failure
2,-0.0257482211465784,25,item_12,27.0,Control board failure
3,0.1071437663197524,24,item_12,27.0,Control board failure
4,0.0594166080287688,23,item_12,27.0,Control board failure
5,0.0189704866461642,22,item_12,27.0,Control board failure
6,-0.044138136192435,21,item_12,27.0,Control board failure
7,-0.1081481862073209,20,item_12,27.0,Control board failure
8,0.0819404171914088,19,item_12,27.0,Control board failure
9,-0.0127178779402776,18,item_12,27.0,Control board failure
10,-0.0471262550687895,17,item_12,27.0,Control board failure
11,0.0198789420094117,16,item_12,27.0,Control board failure
12,-0.1072729030143357,15,item_12,27.0,Control board failure
13,0.0402783766908504,14,item_12,27.0,Control board failure
14,0.0145938393422095,13,item_12,27.0,Control board failure
15,-0.0033182707758664,12,item_12,27.0,Control board failure
16,0.1065753901386362,11,item_12,27.0,Control board failure
17,0.153385095928904,10,item_12,27.0,Control board failure
18,0.0331266388753151,9,item_12,27.0,Control board failure
19,0.0470151574982415,8,item_12,27.0,Control board failure
20,0.1083151021246539,7,item_12,27.0,Control board failure
21,0.1456787694159313,6,item_12,27.0,Control board failure
22,0.2315943307416738,5,item_12,27.0,Control board failure
23,0.2026610540226337,4,item_12,27.0,Control board failure
24,0.2705542418109656,3,item_12,27.0,Control board failure
25,0.2132048441689882,2,item_12,27.0,Control board failure
26,0.4045675195833109,1,item_12,27.0,Control board failure
27,0.4525145103184461,0,item_12,27.0,Control board failure
28,0.348088932465196,0,item_12,27.0,Control board failure
0,0.0027174418276819,45,item_7,45.0,Fatigue crack
1,0.0641795967929423,44,item_7,45.0,Fatigue crack
2,0.0051098366859734,43,item_7,45.0,Fatigue crack
3,-0.0117782823833069,42,item_7,45.0,Fatigue crack
4,-0.0493263367792642,41,item_7,45.0,Fatigue crack
5,-0.0005546400321809,40,item_7,45.0,Fatigue crack
6,-0.0105523514094815,39,item_7,45.0,Fatigue crack
7,-0.0788938856268699,38,item_7,45.0,Fatigue crack
8,-0.0501398131942199,37,item_7,45.0,Fatigue crack
9,0.0951719366176534,36,item_7,45.0,Fatigue crack
10,-0.0340404486196033,35,item_7,45.0,Fatigue crack
11,0.1139072147604013,34,item_7,45.0,Fatigue crack
12,0.033090182507714,33,item_7,45.0,Fatigue crack
13,0.0263776590650655,32,item_7,45.0,Fatigue crack
14,0.0250109765023879,31,item_7,45.0,Fatigue crack
15,-0.01356547300761,30,item_7,45.0,Fatigue crack
16,-0.0570424870245071,29,item_7,45.0,Fatigue crack
17,0.1372302746949122,28,item_7,45.0,Fatigue crack
18,0.1039989109774419,27,item_7,45.0,Fatigue crack
19,0.0838161239737577,26,item_7,45.0,Fatigue crack
20,0.1160372236561048,25,item_7,45.0,Fatigue crack
21,0.0585017479501208,24,item_7,45.0,Fatigue crack
22,0.0316424273942255,23,item_7,45.0,Fatigue crack
23,0.1962157495336957,22,item_7,45.0,Fatigue crack
24,0.1790439384515036,21,item_7,45.0,Fatigue crack
25,0.2533317019139481,20,item_7,45.0,Fatigue crack
26,0.2381705239533235,19,item_7,45.0,Fatigue crack
27,0.3205182416200136,18,item_7,45.0,Fatigue crack
28,0.3998551255893098,17,item_7,45.0,Fatigue crack
29,0.360276494619637,16,item_7,45.0,Fatigue crack
30,0.4028345586285371,15,item_7,45.0,Fatigue crack
31,0.4421649571317559,14,item_7,45.0,Fatigue crack
32,0.4531139841074786,13,item_7,45.0,Fatigue crack
33,0.5159635074138487,12,item_7,45.0,Fatigue crack
34,0.555049754275501,11,item_7,45.0,Fatigue crack
35,0.5503895689325268,10,item_7,45.0,Fatigue crack
36,0.624812273042163,9,item_7,45.0,Fatigue crack
37,0.6299260120622604,8,item_7,45.0,Fatigue crack
38,0.7572505400754332,7,item_7,45.0,Fatigue crack
39,0.8229566069830332,6,item_7,45.0,Fatigue crack
40,0.7875387690255296,5,item_7,45.0,Fatigue crack
41,0.7565077015398045,4,item_7,45.0,Fatigue crack
42,0.7165733202755462,3,item_7,45.0,Fatigue crack
43,0.8719544714902543,2,item_7,45.0,Fatigue crack
44,0.816140463253321,1,item_7,45.0,Fatigue crack
45,0.8767052386771492,0,item_7,45.0,Fatigue crack
0,0.0044717299384918,42,item_49,42.0,Fatigue crack
1,0.0324779994711694,41,item_49,42.0,Fatigue crack
2,0.025596836707338,40,item_49,42.0,Fatigue crack
3,-0.0450708776685769,39,item_49,42.0,Fatigue crack
4,0.0686701426024003,38,item_49,42.0,Fatigue crack
5,-0.0424872432665322,37,item_49,42.0,Fatigue crack
6,0.0417157913864957,36,item_49,42.0,Fatigue crack
7,-0.1019260543624336,35,item_49,42.0,Fatigue crack
8,0.0647596698063436,34,item_49,42.0,Fatigue crack
9,0.0751616341423632,33,item_49,42.0,Fatigue crack
10,0.0442728287265923,32,item_49,42.0,Fatigue crack
11,0.1529136321291143,31,item_49,42.0,Fatigue crack
12,0.0386858282546007,30,item_49,42.0,Fatigue crack
13,0.0757464974892974,29,item_49,42.0,Fatigue crack
14,0.0567451426172579,28,item_49,42.0,Fatigue crack
15,0.0654867999128246,27,item_49,42.0,Fatigue crack
16,-0.0808940203421389,26,item_49,42.0,Fatigue crack
17,0.1196260356528477,25,item_49,42.0,Fatigue crack
18,0.0518502202946879,24,item_49,42.0,Fatigue crack
19,0.1065627049331453,23,item_49,42.0,Fatigue crack
20,0.1251340926278519,22,item_49,42.0,Fatigue crack
21,0.0872914960475384,21,item_49,42.0,Fatigue crack
22,0.1598016828863559,20,item_49,42.0,Fatigue crack
23,0.2406194641319952,19,item_49,42.0,Fatigue crack
24,0.2490332088250758,18,item_49,42.0,Fatigue crack
25,0.3345229405324029,17,item_49,42.0,Fatigue crack
26,0.309074274371423,16,item_49,42.0,Fatigue crack
27,0.4006999092932077,15,item_49,42.0,Fatigue crack
28,0.3033228542580642,14,item_49,42.0,Fatigue crack
29,0.5013058176241972,13,item_49,42.0,Fatigue crack
30,0.4240819742425324,12,item_49,42.0,Fatigue crack
31,0.4840389077591397,11,item_49,42.0,Fatigue crack
32,0.5036000177184194,10,item_49,42.0,Fatigue crack
33,0.53961319265169,9,item_49,42.0,Fatigue crack
34,0.6776339599329192,8,item_49,42.0,Fatigue crack
35,0.7145097211369631,7,item_49,42.0,Fatigue crack
36,0.7376552794765836,6,item_49,42.0,Fatigue crack
37,0.7072648725299138,5,item_49,42.0,Fatigue crack
38,0.7786368622765201,4,item_49,42.0,Fatigue crack
39,0.8350544979686478,3,item_49,42.0,Fatigue crack
40,0.8024141650356995,2,item_49,42.0,Fatigue crack
41,0.7397460624798874,1,item_49,42.0,Fatigue crack
42,0.8421941803436186,0,item_49,42.0,Fatigue crack
0,0.0023773163433308,48,item_48,48.0,Fatigue crack
1,-0.0121845491705897,47,item_48,48.0,Fatigue crack
2,0.0890535486882544,46,item_48,48.0,Fatigue crack
3,-0.0056221169011301,45,item_48,48.0,Fatigue crack
4,-0.0679041784027285,44,item_48,48.0,Fatigue crack
5,0.0476009624167019,43,item_48,48.0,Fatigue crack
6,0.0288239001758175,42,item_48,48.0,Fatigue crack
7,0.0515351708845901,41,item_48,48.0,Fatigue crack
8,0.0174305801928659,40,item_48,48.0,Fatigue crack
9,0.0709771145352863,39,item_48,48.0,Fatigue crack
10,0.0098968694491738,38,item_48,48.0,Fatigue crack
11,0.0259009458277475,37,item_48,48.0,Fatigue crack
12,-0.0217354871832602,36,item_48,48.0,Fatigue crack
13,0.0365422587850919,35,item_48,48.0,Fatigue crack
14,0.0896911147111211,34,item_48,48.0,Fatigue crack
15,-0.0690566795198153,33,item_48,48.0,Fatigue crack
16,0.0427984798787222,32,item_48,48.0,Fatigue crack
17,0.0971626425305599,31,item_48,48.0,Fatigue crack
18,0.0747764637399289,30,item_48,48.0,Fatigue crack
19,0.1583959708027499,29,item_48,48.0,Fatigue crack
20,0.0118453684366884,28,item_48,48.0,Fatigue crack
21,0.1265880901513687,27,item_48,48.0,Fatigue crack
22,0.1169392067218784,26,item_48,48.0,Fatigue crack
23,0.1384960541012949,25,item_48,48.0,Fatigue crack
24,0.1391653137233747,24,item_48,48.0,Fatigue crack
25,0.2565917873807138,23,item_48,48.0,Fatigue crack
26,0.1519911922821686,22,item_48,48.0,Fatigue crack
27,0.2449739597678541,21,item_48,48.0,Fatigue crack
28,0.3833640331769307,20,item_48,48.0,Fatigue crack
29,0.3935363009205395,19,item_48,48.0,Fatigue crack
30,0.3554850948603681,18,item_48,48.0,Fatigue crack
31,0.4258325412498563,17,item_48,48.0,Fatigue crack
32,0.4554024090569452,16,item_48,48.0,Fatigue crack
33,0.4540357307811532,15,item_48,48.0,Fatigue crack
34,0.4891136519086436,14,item_48,48.0,Fatigue crack
35,0.5883332783322276,13,item_48,48.0,Fatigue crack
36,0.609281709845451,12,item_48,48.0,Fatigue crack
37,0.6548763985847965,11,item_48,48.0,Fatigue crack
38,0.6854876923358667,10,item_48,48.0,Fatigue crack
39,0.669023343533586,9,item_48,48.0,Fatigue crack
40,0.716635627481646,8,item_48,48.0,Fatigue crack
41,0.7329079896099568,7,item_48,48.0,Fatigue crack
42,0.7585411446160056,6,item_48,48.0,Fatigue crack
43,0.7297119900977401,5,item_48,48.0,Fatigue crack
44,0.7051205078321526,4,item_48,48.0,Fatigue crack
45,0.8455675923411162,3,item_48,48.0,Fatigue crack
46,0.8021018864632217,2,item_48,48.0,Fatigue crack
47,0.9543252007942318,1,item_48,48.0,Fatigue crack
48,0.9266413246195958,0,item_48,48.0,Fatigue crack
0,0.0143071871012749,36,item_6,36.0,Fatigue crack
1,0.1031834240050177,35,item_6,36.0,Fatigue crack
2,0.0093834452808669,34,item_6,36.0,Fatigue crack
3,0.0761168394752394,33,item_6,36.0,Fatigue crack
4,0.0551324554140874,32,item_6,36.0,Fatigue crack
5,0.119398989097702,31,item_6,36.0,Fatigue crack
6,0.004127284307533,30,item_6,36.0,Fatigue crack
7,0.1289948244622402,29,item_6,36.0,Fatigue crack
8,0.0174092575156194,28,item_6,36.0,Fatigue crack
9,0.1098355858290444,27,item_6,36.0,Fatigue crack
10,0.0643877588416035,26,item_6,36.0,Fatigue crack
11,0.0749616527338395,25,item_6,36.0,Fatigue crack
12,0.0582854559585589,24,item_6,36.0,Fatigue crack
13,0.1606241659235083,23,item_6,36.0,Fatigue crack
14,0.1619500662880111,22,item_6,36.0,Fatigue crack
15,0.200632525362042,21,item_6,36.0,Fatigue crack
16,0.1659000846222128,20,item_6,36.0,Fatigue crack
17,0.2884439145381452,19,item_6,36.0,Fatigue crack
18,0.2964148194398942,18,item_6,36.0,Fatigue crack
19,0.2803911726433897,17,item_6,36.0,Fatigue crack
20,0.3355111467751955,16,item_6,36.0,Fatigue crack
21,0.4128334710531741,15,item_6,36.0,Fatigue crack
22,0.5039852632449283,14,item_6,36.0,Fatigue crack
23,0.4912701804065845,13,item_6,36.0,Fatigue crack
24,0.5309662202305767,12,item_6,36.0,Fatigue crack
25,0.7227228147648803,11,item_6,36.0,Fatigue crack
26,0.5973935594162083,10,item_6,36.0,Fatigue crack
27,0.6569572306996758,9,item_6,36.0,Fatigue crack
28,0.6993100581255722,8,item_6,36.0,Fatigue crack
29,0.7416743501721361,7,item_6,36.0,Fatigue crack
30,0.7102584612834373,6,item_6,36.0,Fatigue crack
31,0.7309149124015325,5,item_6,36.0,Fatigue crack
32,0.8346968271910935,4,item_6,36.0,Fatigue crack
33,0.8068011751604186,3,item_6,36.0,Fatigue crack
34,0.8221498302046958,2,item_6,36.0,Fatigue crack
35,0.7972427683240764,1,item_6,36.0,Fatigue crack
36,0.9342331450691154,0,item_6,36.0,Fatigue crack
0,0.016811751662125,2,item_4,2.0,Infant mortality
1,0.0140921176886777,1,item_4,2.0,Infant mortality
2,0.0341796742278911,0,item_4,2.0,Infant mortality
3,-0.0084045768845339,0,item_4,2.0,Infant mortality
0,0.0035439197398388,38,item_5,38.0,Fatigue crack
1,0.0860899182925195,37,item_5,38.0,Fatigue crack
2,-0.0670744943845046,36,item_5,38.0,Fatigue crack
3,-0.0432148023660276,35,item_5,38.0,Fatigue crack
4,-0.0036951245281342,34,item_5,38.0,Fatigue crack
5,0.0217470273931717,33,item_5,38.0,Fatigue crack
6,0.0102368482855427,32,item_5,38.0,Fatigue crack
7,0.0272781458649237,31,item_5,38.0,Fatigue crack
8,0.0408812149761056,30,item_5,38.0,Fatigue crack
9,-0.0156074033390225,29,item_5,38.0,Fatigue crack
10,-0.0315284557007131,28,item_5,38.0,Fatigue crack
11,-0.0378270900382248,27,item_5,38.0,Fatigue crack
12,0.0242285856717231,26,item_5,38.0,Fatigue crack
13,0.0650266088167862,25,item_5,38.0,Fatigue crack
14,0.112712990000275,24,item_5,38.0,Fatigue crack
15,0.0469005132746811,23,item_5,38.0,Fatigue crack
16,0.0087630953319587,22,item_5,38.0,Fatigue crack
17,0.081448851434874,21,item_5,38.0,Fatigue crack
18,0.1448391748412507,20,item_5,38.0,Fatigue crack
19,0.1446220812800105,19,item_5,38.0,Fatigue crack
20,0.1955235391899957,18,item_5,38.0,Fatigue crack
21,0.1737547877786118,17,item_5,38.0,Fatigue crack
22,0.2018840462094949,16,item_5,38.0,Fatigue crack
23,0.2368089692426316,15,item_5,38.0,Fatigue crack
24,0.2589506596392175,14,item_5,38.0,Fatigue crack
25,0.3570614257049262,13,item_5,38.0,Fatigue crack
26,0.3299441579258138,12,item_5,38.0,Fatigue crack
27,0.450411981487587,11,item_5,38.0,Fatigue crack
28,0.4206506801663102,10,item_5,38.0,Fatigue crack
29,0.6004863015734698,9,item_5,38.0,Fatigue crack
30,0.6105730447686818,8,item_5,38.0,Fatigue crack
31,0.5213608983506054,7,item_5,38.0,Fatigue crack
32,0.6088682331695902,6,item_5,38.0,Fatigue crack
33,0.6156077063009726,5,item_5,38.0,Fatigue crack
34,0.7836251723236944,4,item_5,38.0,Fatigue crack
35,0.8376720400814969,3,item_5,38.0,Fatigue crack
36,0.7682712599099406,2,item_5,38.0,Fatigue crack
37,0.8201175883923664,1,item_5,38.0,Fatigue crack
38,0.9178309046243164,0,item_5,38.0,Fatigue crack
0,0.005107755667899,1,item_1,1.0,Infant mortality
1,0.0378368258825772,0,item_1,1.0,Infant mortality
2,0.0161555048185537,0,item_1,1.0,Infant mortality
0,0.0070812229642264,2,item_0,2.0,Infant mortality
1,0.0629278012372245,1,item_0,2.0,Infant mortality
2,0.0812808336492818,0,item_0,2.0,Infant mortality
3,0.0316843691953851,0,item_0,2.0,Infant mortality
0,0.0056280046192353,1,item_2,1.0,Infant mortality
1,-0.0645727190874193,0,item_2,1.0,Infant mortality
2,0.010528072865091,0,item_2,1.0,Infant mortality
0,0.0068782972510813,2,item_3,2.0,Infant mortality
1,-0.0504600639231682,1,item_3,2.0,Infant mortality
2,0.0300102212302662,0,item_3,2.0,Infant mortality
3,0.1028604500380809,0,item_3,2.0,Infant mortality
0,0.005453020273559,44,item_40,44.0,Fatigue crack
1,0.0263410550217746,43,item_40,44.0,Fatigue crack
2,-0.0160373322484323,42,item_40,44.0,Fatigue crack
3,0.0169999684382528,41,item_40,44.0,Fatigue crack
4,0.0756763320810463,40,item_40,44.0,Fatigue crack
5,-0.043808717499943,39,item_40,44.0,Fatigue crack
6,0.0220587647514585,38,item_40,44.0,Fatigue crack
7,0.0544911080971597,37,item_40,44.0,Fatigue crack
8,-0.0639040202864356,36,item_40,44.0,Fatigue crack
9,0.0317041532055001,35,item_40,44.0,Fatigue crack
10,0.0210586960552156,34,item_40,44.0,Fatigue crack
11,0.1161175001883931,33,item_40,44.0,Fatigue crack
12,0.0603263028889902,32,item_40,44.0,Fatigue crack
13,0.1066232957025125,31,item_40,44.0,Fatigue crack
14,0.1112079902782524,30,item_40,44.0,Fatigue crack
15,0.0350497767552561,29,item_40,44.0,Fatigue crack
16,0.0270301698250232,28,item_40,44.0,Fatigue crack
17,0.1246163134707241,27,item_40,44.0,Fatigue crack
18,0.0662996815222876,26,item_40,44.0,Fatigue crack
19,0.0981185594098009,25,item_40,44.0,Fatigue crack
20,0.1683123390324863,24,item_40,44.0,Fatigue crack
21,0.0704038755011492,23,item_40,44.0,Fatigue crack
22,0.1874125740061044,22,item_40,44.0,Fatigue crack
23,0.1988653701146403,21,item_40,44.0,Fatigue crack
24,0.1589425141223268,20,item_40,44.0,Fatigue crack
25,0.321827352552979,19,item_40,44.0,Fatigue crack
26,0.195950372403225,18,item_40,44.0,Fatigue crack
27,0.2415854026249229,17,item_40,44.0,Fatigue crack
28,0.3573198979461938,16,item_40,44.0,Fatigue crack
29,0.3003263798137786,15,item_40,44.0,Fatigue crack
30,0.399918257041494,14,item_40,44.0,Fatigue crack
31,0.451637971127584,13,item_40,44.0,Fatigue crack
32,0.4260197753347247,12,item_40,44.0,Fatigue crack
33,0.5603560895665661,11,item_40,44.0,Fatigue crack
34,0.527721211825991,10,item_40,44.0,Fatigue crack
35,0.5309071825798733,9,item_40,44.0,Fatigue crack
36,0.6485981171102849,8,item_40,44.0,Fatigue crack
37,0.6761462661664259,7,item_40,44.0,Fatigue crack
38,0.6141554837541351,6,item_40,44.0,Fatigue crack
39,0.6901238335295702,5,item_40,44.0,Fatigue crack
40,0.8184328920494918,4,item_40,44.0,Fatigue crack
41,0.7157637376097802,3,item_40,44.0,Fatigue crack
42,0.7740100081419276,2,item_40,44.0,Fatigue crack
43,0.7349945990740397,1,item_40,44.0,Fatigue crack
44,0.7400393855400222,0,item_40,44.0,Fatigue crack
0,0.0039458500691017,51,item_41,51.0,Fatigue crack
1,-0.0250544877037937,50,item_41,51.0,Fatigue crack
2,-0.0143444721845598,49,item_41,51.0,Fatigue crack
3,-0.0690190510599227,48,item_41,51.0,Fatigue crack
4,-0.0198582753986135,47,item_41,51.0,Fatigue crack
5,0.0177346205464932,46,item_41,51.0,Fatigue crack
6,-0.0293578322203255,45,item_41,51.0,Fatigue crack
7,0.0307976158734688,44,item_41,51.0,Fatigue crack
8,0.0799231026918362,43,item_41,51.0,Fatigue crack
9,-0.0116766408196386,42,item_41,51.0,Fatigue crack
10,0.0602896956216819,41,item_41,51.0,Fatigue crack
11,-0.0032425930372832,40,item_41,51.0,Fatigue crack
12,0.0454297689475406,39,item_41,51.0,Fatigue crack
13,-0.0885843778772873,38,item_41,51.0,Fatigue crack
14,0.088845276900988,37,item_41,51.0,Fatigue crack
15,-0.0228183082013809,36,item_41,51.0,Fatigue crack
16,0.0583484219106947,35,item_41,51.0,Fatigue crack
17,0.0278658370745774,34,item_41,51.0,Fatigue crack
18,0.1021702396010943,33,item_41,51.0,Fatigue crack
19,0.0082514437231258,32,item_41,51.0,Fatigue crack
20,0.0093874092112605,31,item_41,51.0,Fatigue crack
21,0.0599349878401457,30,item_41,51.0,Fatigue crack
22,0.1265664703356668,29,item_41,51.0,Fatigue crack
23,0.0693141581426507,28,item_41,51.0,Fatigue crack
24,0.0887726746137937,27,item_41,51.0,Fatigue crack
25,0.1013735471460949,26,item_41,51.0,Fatigue crack
26,0.2054407596194011,25,item_41,51.0,Fatigue crack
27,0.1989229377967572,24,item_41,51.0,Fatigue crack
28,0.2180445203029087,23,item_41,51.0,Fatigue crack
29,0.2081349424595084,22,item_41,51.0,Fatigue crack
30,0.110559444260533,21,item_41,51.0,Fatigue crack
31,0.3003322487732336,20,item_41,51.0,Fatigue crack
32,0.3760193972627305,19,item_41,51.0,Fatigue crack
33,0.3510398154335987,18,item_41,51.0,Fatigue crack
34,0.326363277690841,17,item_41,51.0,Fatigue crack
35,0.4744205858335466,16,item_41,51.0,Fatigue crack
36,0.5480213367411912,15,item_41,51.0,Fatigue crack
37,0.5376251554769895,14,item_41,51.0,Fatigue crack
38,0.643300575306698,13,item_41,51.0,Fatigue crack
39,0.6487523528807727,12,item_41,51.0,Fatigue crack
40,0.607388017381349,11,item_41,51.0,Fatigue crack
41,0.7231751323574049,10,item_41,51.0,Fatigue crack
42,0.7149109389595122,9,item_41,51.0,Fatigue crack
43,0.792486558926691,8,item_41,51.0,Fatigue crack
44,0.7828394486736234,7,item_41,51.0,Fatigue crack
45,0.822639011252597,6,item_41,51.0,Fatigue crack
46,0.8769598583560463,5,item_41,51.0,Fatigue crack
47,0.7787775032646181,4,item_41,51.0,Fatigue crack
48,0.8393158949701871,3,item_41,51.0,Fatigue crack
49,0.918699978062694,2,item_41,51.0,Fatigue crack
50,0.8328026320005981,1,item_41,51.0,Fatigue crack
51,0.850525161505994,0,item_41,51.0,Fatigue crack
0,0.0028408437775721,51,item_43,51.0,Fatigue crack
1,0.0779518584911556,50,item_43,51.0,Fatigue crack
2,-0.0647909109041617,49,item_43,51.0,Fatigue crack
3,0.0150858972210385,48,item_43,51.0,Fatigue crack
4,0.0353540359566673,47,item_43,51.0,Fatigue crack
5,0.0372508144055478,46,item_43,51.0,Fatigue crack
6,0.0104588712992145,45,item_43,51.0,Fatigue crack
7,-0.0023427615938832,44,item_43,51.0,Fatigue crack
8,-0.0022978172451605,43,item_43,51.0,Fatigue crack
9,-0.0749003885339981,42,item_43,51.0,Fatigue crack
10,-0.0299997230781948,41,item_43,51.0,Fatigue crack
11,0.0329688210366569,40,item_43,51.0,Fatigue crack
12,-0.0363988568907691,39,item_43,51.0,Fatigue crack
13,-0.0088111689832734,38,item_43,51.0,Fatigue crack
14,-0.0025552034857619,37,item_43,51.0,Fatigue crack
15,0.0491893157519303,36,item_43,51.0,Fatigue crack
16,0.0354207954780623,35,item_43,51.0,Fatigue crack
17,0.0684753155991765,34,item_43,51.0,Fatigue crack
18,0.1108344158263798,33,item_43,51.0,Fatigue crack
19,0.0162976078155226,32,item_43,51.0,Fatigue crack
20,0.1130638526051624,31,item_43,51.0,Fatigue crack
21,0.1394639707269,30,item_43,51.0,Fatigue crack
22,0.202609273598125,29,item_43,51.0,Fatigue crack
23,0.2839151229351295,28,item_43,51.0,Fatigue crack
24,0.1788774254494653,27,item_43,51.0,Fatigue crack
25,0.2529879512264525,26,item_43,51.0,Fatigue crack
26,0.3143206122691763,25,item_43,51.0,Fatigue crack
27,0.3882051278904777,24,item_43,51.0,Fatigue crack
28,0.4429466998146188,23,item_43,51.0,Fatigue crack
29,0.4006027956629556,22,item_43,51.0,Fatigue crack
30,0.4067935309790815,21,item_43,51.0,Fatigue crack
31,0.5089324178580061,20,item_43,51.0,Fatigue crack
32,0.4682372645406674,19,item_43,51.0,Fatigue crack
33,0.560855620813877,18,item_43,51.0,Fatigue crack
34,0.5725950525585605,17,item_43,51.0,Fatigue crack
35,0.6555565245892279,16,item_43,51.0,Fatigue crack
36,0.7266015133465017,15,item_43,51.0,Fatigue crack
37,0.644319996594809,14,item_43,51.0,Fatigue crack
38,0.6319079260738144,13,item_43,51.0,Fatigue crack
39,0.6906038853651935,12,item_43,51.0,Fatigue crack
40,0.7850852992729661,11,item_43,51.0,Fatigue crack
41,0.7404778350666309,10,item_43,51.0,Fatigue crack
42,0.7703270980805007,9,item_43,51.0,Fatigue crack
43,0.869477173164652,8,item_43,51.0,Fatigue crack
44,0.7931878421106301,7,item_43,51.0,Fatigue crack
45,0.9688959981808788,6,item_43,51.0,Fatigue crack
46,0.8574365603279633,5,item_43,51.0,Fatigue crack
47,0.8145968127974503,4,item_43,51.0,Fatigue crack
48,0.8472927395828969,3,item_43,51.0,Fatigue crack
49,0.9334345888684272,2,item_43,51.0,Fatigue crack
50,0.7341619479609552,1,item_43,51.0,Fatigue crack
51,0.9721885738120046,0,item_43,51.0,Fatigue crack
0,0.0050755770709711,34,item_42,34.0,Fatigue crack
1,-0.0400969230303302,33,item_42,34.0,Fatigue crack
2,-0.0688761729417005,32,item_42,34.0,Fatigue crack
3,-0.0981899591823994,31,item_42,34.0,Fatigue crack
4,0.030647116978802,30,item_42,34.0,Fatigue crack
5,0.0605802489523546,29,item_42,34.0,Fatigue crack
6,0.007787468985626,28,item_42,34.0,Fatigue crack
7,0.0385942537220928,27,item_42,34.0,Fatigue crack
8,0.0834551202480558,26,item_42,34.0,Fatigue crack
9,-0.0503276346891816,25,item_42,34.0,Fatigue crack
10,-0.0094468846503395,24,item_42,34.0,Fatigue crack
11,0.0861101835758686,23,item_42,34.0,Fatigue crack
12,0.020028682432578,22,item_42,34.0,Fatigue crack
13,0.0411388911718691,21,item_42,34.0,Fatigue crack
14,0.0897450832712537,20,item_42,34.0,Fatigue crack
15,0.1297141009524218,19,item_42,34.0,Fatigue crack
16,0.067346499043571,18,item_42,34.0,Fatigue crack
17,0.1849027094220396,17,item_42,34.0,Fatigue crack
18,0.0833263370521345,16,item_42,34.0,Fatigue crack
19,0.1658880455236542,15,item_42,34.0,Fatigue crack
20,0.241038357538237,14,item_42,34.0,Fatigue crack
21,0.2989635565588355,13,item_42,34.0,Fatigue crack
22,0.2937179861893163,12,item_42,34.0,Fatigue crack
23,0.3333972780747756,11,item_42,34.0,Fatigue crack
24,0.295452878167443,10,item_42,34.0,Fatigue crack
25,0.3693064777757355,9,item_42,34.0,Fatigue crack
26,0.4742761186194079,8,item_42,34.0,Fatigue crack
27,0.5355998913536139,7,item_42,34.0,Fatigue crack
28,0.5970551527209624,6,item_42,34.0,Fatigue crack
29,0.674896131583891,5,item_42,34.0,Fatigue crack
30,0.7699943695709722,4,item_42,34.0,Fatigue crack
31,0.7860022979239394,3,item_42,34.0,Fatigue crack
32,0.7706931389596827,2,item_42,34.0,Fatigue crack
33,0.7776403045089346,1,item_42,34.0,Fatigue crack
34,0.8084186257423981,0,item_42,34.0,Fatigue crack
0,0.0138367470958368,30,item_8,30.0,Fatigue crack
1,-0.0357183133568341,29,item_8,30.0,Fatigue crack
2,0.095390162173016,28,item_8,30.0,Fatigue crack
3,0.0151222066952895,27,item_8,30.0,Fatigue crack
4,0.0679742842658663,26,item_8,30.0,Fatigue crack
5,-0.055635599349848,25,item_8,30.0,Fatigue crack
6,0.0526923873643759,24,item_8,30.0,Fatigue crack
7,0.0278289252123479,23,item_8,30.0,Fatigue crack
8,0.0504889326877976,22,item_8,30.0,Fatigue crack
9,0.0145391038514369,21,item_8,30.0,Fatigue crack
10,0.0037314870335287,20,item_8,30.0,Fatigue crack
11,0.1073978629687919,19,item_8,30.0,Fatigue crack
12,0.1115741065471677,18,item_8,30.0,Fatigue crack
13,0.2063061879554514,17,item_8,30.0,Fatigue crack
14,0.2170506161757381,16,item_8,30.0,Fatigue crack
15,0.237197844981107,15,item_8,30.0,Fatigue crack
16,0.0781556073338862,14,item_8,30.0,Fatigue crack
17,0.2911503529628633,13,item_8,30.0,Fatigue crack
18,0.4358756472324994,12,item_8,30.0,Fatigue crack
19,0.3596253246329013,11,item_8,30.0,Fatigue crack
20,0.4163430233979062,10,item_8,30.0,Fatigue crack
21,0.4999459989927942,9,item_8,30.0,Fatigue crack
22,0.5462931844544758,8,item_8,30.0,Fatigue crack
23,0.4810675032743207,7,item_8,30.0,Fatigue crack
24,0.6116133963018258,6,item_8,30.0,Fatigue crack
25,0.6394480422850406,5,item_8,30.0,Fatigue crack
26,0.6950583681359721,4,item_8,30.0,Fatigue crack
27,0.849724431443639,3,item_8,30.0,Fatigue crack
28,0.8589055443460492,2,item_8,30.0,Fatigue crack
29,0.8026308847031873,1,item_8,30.0,Fatigue crack
30,0.7618750840000897,0,item_8,30.0,Fatigue crack
0,0.0108649105179054,42,item_46,42.0,Fatigue crack
1,-0.0275819989485966,41,item_46,42.0,Fatigue crack
2,0.0003033018026741,40,item_46,42.0,Fatigue crack
3,0.0239055124235176,39,item_46,42.0,Fatigue crack
4,-0.0151361309963261,38,item_46,42.0,Fatigue crack
5,0.0254319011113182,37,item_46,42.0,Fatigue crack
6,0.051361022821103,36,item_46,42.0,Fatigue crack
7,0.0098782978105226,35,item_46,42.0,Fatigue crack
8,0.0434554126812506,34,item_46,42.0,Fatigue crack
9,0.0042971366520515,33,item_46,42.0,Fatigue crack
10,0.0827354384009908,32,item_46,42.0,Fatigue crack
11,0.0693120200957967,31,item_46,42.0,Fatigue crack
12,-0.0021788905021394,30,item_46,42.0,Fatigue crack
13,0.0952489977294318,29,item_46,42.0,Fatigue crack
14,0.0504247287154489,28,item_46,42.0,Fatigue crack
15,0.1058495830383785,27,item_46,42.0,Fatigue crack
16,0.1429298213067648,26,item_46,42.0,Fatigue crack
17,0.1645565727422329,25,item_46,42.0,Fatigue crack
18,0.2757199937698317,24,item_46,42.0,Fatigue crack
19,0.2529306807351615,23,item_46,42.0,Fatigue crack
20,0.2726062709184866,22,item_46,42.0,Fatigue crack
21,0.2363210213573495,21,item_46,42.0,Fatigue crack
22,0.3644190082598748,20,item_46,42.0,Fatigue crack
23,0.4375633601812451,19,item_46,42.0,Fatigue crack
24,0.4520036699580628,18,item_46,42.0,Fatigue crack
25,0.459114082483296,17,item_46,42.0,Fatigue crack
26,0.5725335971795791,16,item_46,42.0,Fatigue crack
27,0.6003763819777826,15,item_46,42.0,Fatigue crack
28,0.6878941167377951,14,item_46,42.0,Fatigue crack
29,0.6732244237661676,13,item_46,42.0,Fatigue crack
30,0.644022705289504,12,item_46,42.0,Fatigue crack
31,0.7628661982406841,11,item_46,42.0,Fatigue crack
32,0.6790044556761734,10,item_46,42.0,Fatigue crack
33,0.7467977110719053,9,item_46,42.0,Fatigue crack
34,0.7338725334154483,8,item_46,42.0,Fatigue crack
35,0.8464792543833926,7,item_46,42.0,Fatigue crack
36,0.8125804398635621,6,item_46,42.0,Fatigue crack
37,0.8951396126413493,5,item_46,42.0,Fatigue crack
38,0.7168453343592904,4,item_46,42.0,Fatigue crack
39,0.836005721471423,3,item_46,42.0,Fatigue crack
40,0.8984310121611385,2,item_46,42.0,Fatigue crack
41,0.7795483706211284,1,item_46,42.0,Fatigue crack
42,0.8750416738097442,0,item_46,42.0,Fatigue crack
0,0.003016585178785,24,item_47,24.0,Control board failure
1,-0.0390083856765797,23,item_47,24.0,Control board failure
2,-0.0235523411798487,22,item_47,24.0,Control board failure
3,-0.022289681026166,21,item_47,24.0,Control board failure
4,0.0439381349601485,20,item_47,24.0,Control board failure
5,0.0483475679290496,19,item_47,24.0,Control board failure
6,0.08338679648276,18,item_47,24.0,Control board failure
7,-0.0063355291989519,17,item_47,24.0,Control board failure
8,0.0910511711836846,16,item_47,24.0,Control board failure
9,0.0281166160953706,15,item_47,24.0,Control board failure
10,-0.0204362680056508,14,item_47,24.0,Control board failure
11,0.0658849077226862,13,item_47,24.0,Control board failure
12,0.018602635874482,12,item_47,24.0,Control board failure
13,0.0913460240922401,11,item_47,24.0,Control board failure
14,0.0775207770272357,10,item_47,24.0,Control board failure
15,0.0744481940033221,9,item_47,24.0,Control board failure
16,-3.4564530241962266e-05,8,item_47,24.0,Control board failure
17,0.0313122954625181,7,item_47,24.0,Control board failure
18,0.1230330877419275,6,item_47,24.0,Control board failure
19,0.2230605887756868,5,item_47,24.0,Control board failure
20,0.1917890388808281,4,item_47,24.0,Control board failure
21,0.1882637788663795,3,item_47,24.0,Control board failure
22,0.1989769407682092,2,item_47,24.0,Control board failure
23,0.2347475012010316,1,item_47,24.0,Control board failure
24,0.2134554890851412,0,item_47,24.0,Control board failure
25,0.3740060946378147,0,item_47,24.0,Control board failure
0,0.002397047458514,42,item_9,42.0,Fatigue crack
1,0.0111493084837926,41,item_9,42.0,Fatigue crack
2,0.0798634884319636,40,item_9,42.0,Fatigue crack
3,0.0014939264494091,39,item_9,42.0,Fatigue crack
4,0.0286729395746535,38,item_9,42.0,Fatigue crack
5,0.0674186063853193,37,item_9,42.0,Fatigue crack
6,-0.0223008264772296,36,item_9,42.0,Fatigue crack
7,-0.039595238015668,35,item_9,42.0,Fatigue crack
8,-0.0071147328727917,34,item_9,42.0,Fatigue crack
9,-0.0134227248334402,33,item_9,42.0,Fatigue crack
10,-0.0946939080955003,32,item_9,42.0,Fatigue crack
11,0.0063938678740162,31,item_9,42.0,Fatigue crack
12,-0.0333305484446506,30,item_9,42.0,Fatigue crack
13,0.0042278206191421,29,item_9,42.0,Fatigue crack
14,0.1085072469211307,28,item_9,42.0,Fatigue crack
15,0.0123589988993681,27,item_9,42.0,Fatigue crack
16,-0.0068942320272472,26,item_9,42.0,Fatigue crack
17,0.0020007808980097,25,item_9,42.0,Fatigue crack
18,0.0532203656524425,24,item_9,42.0,Fatigue crack
19,0.1153159687605046,23,item_9,42.0,Fatigue crack
20,0.0984767546696883,22,item_9,42.0,Fatigue crack
21,0.1704175186556837,21,item_9,42.0,Fatigue crack
22,0.1346488655368136,20,item_9,42.0,Fatigue crack
23,0.169384849285897,19,item_9,42.0,Fatigue crack
24,0.2265142549230205,18,item_9,42.0,Fatigue crack
25,0.1619365398201814,17,item_9,42.0,Fatigue crack
26,0.2729960341438022,16,item_9,42.0,Fatigue crack
27,0.330711573576691,15,item_9,42.0,Fatigue crack
28,0.415945708749619,14,item_9,42.0,Fatigue crack
29,0.4122148256533677,13,item_9,42.0,Fatigue crack
30,0.3887252657796123,12,item_9,42.0,Fatigue crack
31,0.4348036501975313,11,item_9,42.0,Fatigue crack
32,0.503290005535555,10,item_9,42.0,Fatigue crack
33,0.5239027810499289,9,item_9,42.0,Fatigue crack
34,0.5469722155309011,8,item_9,42.0,Fatigue crack
35,0.7062362122110865,7,item_9,42.0,Fatigue crack
36,0.6125342656601899,6,item_9,42.0,Fatigue crack
37,0.7346651412901746,5,item_9,42.0,Fatigue crack
38,0.8069711083111848,4,item_9,42.0,Fatigue crack
39,0.7536501335148841,3,item_9,42.0,Fatigue crack
40,0.8458779177782692,2,item_9,42.0,Fatigue crack
41,0.7867119534886361,1,item_9,42.0,Fatigue crack
42,0.8496564785335713,0,item_9,42.0,Fatigue crack
0,0.0163373161545133,39,item_45,39.0,Fatigue crack
1,-0.0086019689722289,38,item_45,39.0,Fatigue crack
2,-0.0686463352945158,37,item_45,39.0,Fatigue crack
3,0.0217438348166737,36,item_45,39.0,Fatigue crack
4,-0.0141889508497711,35,item_45,39.0,Fatigue crack
5,0.0260159750823273,34,item_45,39.0,Fatigue crack
6,0.0671961670256947,33,item_45,39.0,Fatigue crack
7,0.0316611250801438,32,item_45,39.0,Fatigue crack
8,0.0945170578270257,31,item_45,39.0,Fatigue crack
9,0.1636350642436845,30,item_45,39.0,Fatigue crack
10,0.0411427629907536,29,item_45,39.0,Fatigue crack
11,0.1041164154460637,28,item_45,39.0,Fatigue crack
12,0.0830279138962537,27,item_45,39.0,Fatigue crack
13,0.1568630247923179,26,item_45,39.0,Fatigue crack
14,0.1773184862900827,25,item_45,39.0,Fatigue crack
15,0.2348419545825054,24,item_45,39.0,Fatigue crack
16,0.2704409091250172,23,item_45,39.0,Fatigue crack
17,0.3693074064918805,22,item_45,39.0,Fatigue crack
18,0.3000824302330362,21,item_45,39.0,Fatigue crack
19,0.2557393651815674,20,item_45,39.0,Fatigue crack
20,0.3429451817474667,19,item_45,39.0,Fatigue crack
21,0.3922842304492819,18,item_45,39.0,Fatigue crack
22,0.407252024938346,17,item_45,39.0,Fatigue crack
23,0.4770352953911591,16,item_45,39.0,Fatigue crack
24,0.5929318924843573,15,item_45,39.0,Fatigue crack
25,0.5269729130887215,14,item_45,39.0,Fatigue crack
26,0.62534301103258,13,item_45,39.0,Fatigue crack
27,0.5988909046528483,12,item_45,39.0,Fatigue crack
28,0.7435426217849702,11,item_45,39.0,Fatigue crack
29,0.7002131361969838,10,item_45,39.0,Fatigue crack
30,0.7512942859305125,9,item_45,39.0,Fatigue crack
31,0.6836777061545142,8,item_45,39.0,Fatigue crack
32,0.7943148527601769,7,item_45,39.0,Fatigue crack
33,0.8567907321808741,6,item_45,39.0,Fatigue crack
34,0.7676748531857205,5,item_45,39.0,Fatigue crack
35,0.8063870882356372,4,item_45,39.0,Fatigue crack
36,0.8331088548395795,3,item_45,39.0,Fatigue crack
37,0.8489398323473837,2,item_45,39.0,Fatigue crack
38,0.8863830633275059,1,item_45,39.0,Fatigue crack
39,0.888933637094805,0,item_45,39.0,Fatigue crack
0,0.0126605950306736,50,item_44,50.0,Fatigue crack
1,-0.0539738981357936,49,item_44,50.0,Fatigue crack
2,0.0591161498688967,48,item_44,50.0,Fatigue crack
3,-0.0358313805612695,47,item_44,50.0,Fatigue crack
4,0.0438268469893738,46,item_44,50.0,Fatigue crack
5,0.0109569202467942,45,item_44,50.0,Fatigue crack
6,0.0226352321946075,44,item_44,50.0,Fatigue crack
7,0.0253283659917416,43,item_44,50.0,Fatigue crack
8,0.1003844805159449,42,item_44,50.0,Fatigue crack
9,0.0521600408849719,41,item_44,50.0,Fatigue crack
10,0.0575417721307869,40,item_44,50.0,Fatigue crack
11,0.027525902114259,39,item_44,50.0,Fatigue crack
12,0.1211089730803529,38,item_44,50.0,Fatigue crack
13,0.0018672776394627,37,item_44,50.0,Fatigue crack
14,0.1185200036585478,36,item_44,50.0,Fatigue crack
15,0.0796660914908174,35,item_44,50.0,Fatigue crack
16,0.2122179253180502,34,item_44,50.0,Fatigue crack
17,0.1766174434781692,33,item_44,50.0,Fatigue crack
18,0.2151544753843891,32,item_44,50.0,Fatigue crack
19,0.1768536804137327,31,item_44,50.0,Fatigue crack
20,0.2001752965241503,30,item_44,50.0,Fatigue crack
21,0.3813236654577722,29,item_44,50.0,Fatigue crack
22,0.281722018505272,28,item_44,50.0,Fatigue crack
23,0.3395985098868432,27,item_44,50.0,Fatigue crack
24,0.2678977187595834,26,item_44,50.0,Fatigue crack
25,0.3998358928454878,25,item_44,50.0,Fatigue crack
26,0.4489281903389817,24,item_44,50.0,Fatigue crack
27,0.5428573050025226,23,item_44,50.0,Fatigue crack
28,0.5140074314840132,22,item_44,50.0,Fatigue crack
29,0.5270028123908764,21,item_44,50.0,Fatigue crack
30,0.5926596909082453,20,item_44,50.0,Fatigue crack
31,0.6985268256282832,19,item_44,50.0,Fatigue crack
32,0.6368619782474858,18,item_44,50.0,Fatigue crack
33,0.6503760689674355,17,item_44,50.0,Fatigue crack
34,0.7505107032962497,16,item_44,50.0,Fatigue crack
35,0.7633427524473004,15,item_44,50.0,Fatigue crack
36,0.7543419321813862,14,item_44,50.0,Fatigue crack
37,0.726289703226128,13,item_44,50.0,Fatigue crack
38,0.7886123737112278,12,item_44,50.0,Fatigue crack
39,0.7501061155991808,11,item_44,50.0,Fatigue crack
40,0.8574716429751604,10,item_44,50.0,Fatigue crack
41,0.8018690079793133,9,item_44,50.0,Fatigue crack
42,0.7722863900028776,8,item_44,50.0,Fatigue crack
43,0.7672708391467274,7,item_44,50.0,Fatigue crack
44,0.8585035085617142,6,item_44,50.0,Fatigue crack
45,0.8060288822073258,5,item_44,50.0,Fatigue crack
46,1.0007965640255725,4,item_44,50.0,Fatigue crack
47,0.9170201768769854,3,item_44,50.0,Fatigue crack
48,0.7548592502882093,2,item_44,50.0,Fatigue crack
49,0.7960061461845596,1,item_44,50.0,Fatigue crack
50,0.8295197530999998,0,item_44,50.0,Fatigue crack
0,0.0067643534374825,35,item_23,35.0,Fatigue crack
1,-0.0745282378576003,34,item_23,35.0,Fatigue crack
2,-0.0176661480803212,33,item_23,35.0,Fatigue crack
3,-0.041958637998919,32,item_23,35.0,Fatigue crack
4,0.0019589638849134,31,item_23,35.0,Fatigue crack
5,0.0313481623159139,30,item_23,35.0,Fatigue crack
6,0.0827594899164778,29,item_23,35.0,Fatigue crack
7,0.0387132079861926,28,item_23,35.0,Fatigue crack
8,-0.0909865425699829,27,item_23,35.0,Fatigue crack
9,0.0710340340479327,26,item_23,35.0,Fatigue crack
10,0.0430276614960991,25,item_23,35.0,Fatigue crack
11,0.054326035304057,24,item_23,35.0,Fatigue crack
12,0.0911448002274778,23,item_23,35.0,Fatigue crack
13,0.0901811826277425,22,item_23,35.0,Fatigue crack
14,0.0823538338996143,21,item_23,35.0,Fatigue crack
15,0.2943664598153849,20,item_23,35.0,Fatigue crack
16,0.1606817809809506,19,item_23,35.0,Fatigue crack
17,0.2552413675759163,18,item_23,35.0,Fatigue crack
18,0.1401552193611124,17,item_23,35.0,Fatigue crack
19,0.1611136445074371,16,item_23,35.0,Fatigue crack
20,0.3311770952814693,15,item_23,35.0,Fatigue crack
21,0.344301147256904,14,item_23,35.0,Fatigue crack
22,0.2812901800056813,13,item_23,35.0,Fatigue crack
23,0.366030744290076,12,item_23,35.0,Fatigue crack
24,0.3267674768706554,11,item_23,35.0,Fatigue crack
25,0.4705261229778223,10,item_23,35.0,Fatigue crack
26,0.5422076298849465,9,item_23,35.0,Fatigue crack
27,0.5777874713497052,8,item_23,35.0,Fatigue crack
28,0.6376723805714682,7,item_23,35.0,Fatigue crack
29,0.545522108946478,6,item_23,35.0,Fatigue crack
30,0.743502238036458,5,item_23,35.0,Fatigue crack
31,0.6613663049845618,4,item_23,35.0,Fatigue crack
32,0.8431996728601625,3,item_23,35.0,Fatigue crack
33,0.7541470781434557,2,item_23,35.0,Fatigue crack
34,0.8721409393141344,1,item_23,35.0,Fatigue crack
35,0.9383059092456144,0,item_23,35.0,Fatigue crack
0,0.0148251497043204,36,item_37,36.0,Fatigue crack
1,0.0508453945768618,35,item_37,36.0,Fatigue crack
2,-0.0429177746744567,34,item_37,36.0,Fatigue crack
3,0.0001749730545552,33,item_37,36.0,Fatigue crack
4,0.0264945956685354,32,item_37,36.0,Fatigue crack
5,-0.0219861021621891,31,item_37,36.0,Fatigue crack
6,0.0982055382684831,30,item_37,36.0,Fatigue crack
7,0.0548936005866641,29,item_37,36.0,Fatigue crack
8,0.0476546335299273,28,item_37,36.0,Fatigue crack
9,0.0674260051276468,27,item_37,36.0,Fatigue crack
10,0.1342268922840891,26,item_37,36.0,Fatigue crack
11,0.1720421632313485,25,item_37,36.0,Fatigue crack
12,0.206657322178315,24,item_37,36.0,Fatigue crack
13,0.1794778724367283,23,item_37,36.0,Fatigue crack
14,0.1436558824941704,22,item_37,36.0,Fatigue crack
15,0.1838003416975101,21,item_37,36.0,Fatigue crack
16,0.2017054520297779,20,item_37,36.0,Fatigue crack
17,0.2362271582741923,19,item_37,36.0,Fatigue crack
18,0.206959360724505,18,item_37,36.0,Fatigue crack
19,0.213514900751258,17,item_37,36.0,Fatigue crack
20,0.4002738534146584,16,item_37,36.0,Fatigue crack
21,0.431361926277021,15,item_37,36.0,Fatigue crack
22,0.2912062215150176,14,item_37,36.0,Fatigue crack
23,0.4903583101798328,13,item_37,36.0,Fatigue crack
24,0.570613100800818,12,item_37,36.0,Fatigue crack
25,0.6616839507042325,11,item_37,36.0,Fatigue crack
26,0.7517242951082846,10,item_37,36.0,Fatigue crack
27,0.6916052479293103,9,item_37,36.0,Fatigue crack
28,0.6613389672548053,8,item_37,36.0,Fatigue crack
29,0.813486402559687,7,item_37,36.0,Fatigue crack
30,0.753459647141316,6,item_37,36.0,Fatigue crack
31,0.8045066556190469,5,item_37,36.0,Fatigue crack
32,0.7678757497950749,4,item_37,36.0,Fatigue crack
33,0.7316306381227157,3,item_37,36.0,Fatigue crack
34,0.8024792087572208,2,item_37,36.0,Fatigue crack
35,0.7648102285578658,1,item_37,36.0,Fatigue crack
36,0.8497539787701996,0,item_37,36.0,Fatigue crack
0,0.0104791848532481,38,item_36,38.0,Fatigue crack
1,0.0576007988996113,37,item_36,38.0,Fatigue crack
2,-0.0925064705607329,36,item_36,38.0,Fatigue crack
3,-0.0362714818109695,35,item_36,38.0,Fatigue crack
4,-0.0131269342169391,34,item_36,38.0,Fatigue crack
5,0.0154638337871191,33,item_36,38.0,Fatigue crack
6,0.0347123927725931,32,item_36,38.0,Fatigue crack
7,-0.0331323430359648,31,item_36,38.0,Fatigue crack
8,-0.0675136121950992,30,item_36,38.0,Fatigue crack
9,0.0416625320589569,29,item_36,38.0,Fatigue crack
10,0.0907237829571457,28,item_36,38.0,Fatigue crack
11,0.1532352748095391,27,item_36,38.0,Fatigue crack
12,0.096164020326928,26,item_36,38.0,Fatigue crack
13,0.1472936090172443,25,item_36,38.0,Fatigue crack
14,0.1475419181029294,24,item_36,38.0,Fatigue crack
15,0.0868904812479835,23,item_36,38.0,Fatigue crack
16,0.0561031222655479,22,item_36,38.0,Fatigue crack
17,0.1775529822806917,21,item_36,38.0,Fatigue crack
18,0.2204736834546737,20,item_36,38.0,Fatigue crack
19,0.17769755072402,19,item_36,38.0,Fatigue crack
20,0.3352148049380707,18,item_36,38.0,Fatigue crack
21,0.264817270907628,17,item_36,38.0,Fatigue crack
22,0.3895276398786944,16,item_36,38.0,Fatigue crack
23,0.4156844710072555,15,item_36,38.0,Fatigue crack
24,0.3601898994720265,14,item_36,38.0,Fatigue crack
25,0.526604547374295,13,item_36,38.0,Fatigue crack
26,0.5072362354306094,12,item_36,38.0,Fatigue crack
27,0.5431880385277139,11,item_36,38.0,Fatigue crack
28,0.5698425644831663,10,item_36,38.0,Fatigue crack
29,0.6177058786436398,9,item_36,38.0,Fatigue crack
30,0.6975318103629515,8,item_36,38.0,Fatigue crack
31,0.7302985503463705,7,item_36,38.0,Fatigue crack
32,0.7910298959091258,6,item_36,38.0,Fatigue crack
33,0.7080594292287655,5,item_36,38.0,Fatigue crack
34,0.8031647899823752,4,item_36,38.0,Fatigue crack
35,0.8841775292908742,3,item_36,38.0,Fatigue crack
36,0.9067723982042089,2,item_36,38.0,Fatigue crack
37,0.8695174712034761,1,item_36,38.0,Fatigue crack
38,0.7649980894772941,0,item_36,38.0,Fatigue crack
0,0.0035297588379869,39,item_22,39.0,Fatigue crack
1,0.0170600416680911,38,item_22,39.0,Fatigue crack
2,-0.0328960739573666,37,item_22,39.0,Fatigue crack
3,0.1026164515964905,36,item_22,39.0,Fatigue crack
4,0.0004964470877469,35,item_22,39.0,Fatigue crack
5,-0.0453218955737846,34,item_22,39.0,Fatigue crack
6,-0.0184846120703984,33,item_22,39.0,Fatigue crack
7,0.0065101953377695,32,item_22,39.0,Fatigue crack
8,0.0136718254236426,31,item_22,39.0,Fatigue crack
9,-0.0440475469925034,30,item_22,39.0,Fatigue crack
10,-0.0057252870454539,29,item_22,39.0,Fatigue crack
11,0.0632946228154894,28,item_22,39.0,Fatigue crack
12,-0.0271523343294074,27,item_22,39.0,Fatigue crack
13,0.0472617150733732,26,item_22,39.0,Fatigue crack
14,0.0302893291716446,25,item_22,39.0,Fatigue crack
15,0.105446840030958,24,item_22,39.0,Fatigue crack
16,0.0710882114861483,23,item_22,39.0,Fatigue crack
17,0.0535319965131069,22,item_22,39.0,Fatigue crack
18,0.1475767903449542,21,item_22,39.0,Fatigue crack
19,0.1349968661285304,20,item_22,39.0,Fatigue crack
20,0.1182267960126014,19,item_22,39.0,Fatigue crack
21,0.1930032448086082,18,item_22,39.0,Fatigue crack
22,0.2354581638923749,17,item_22,39.0,Fatigue crack
23,0.3047368820322795,16,item_22,39.0,Fatigue crack
24,0.3061143744423081,15,item_22,39.0,Fatigue crack
25,0.336946843336835,14,item_22,39.0,Fatigue crack
26,0.4718356093710285,13,item_22,39.0,Fatigue crack
27,0.4108274317208728,12,item_22,39.0,Fatigue crack
28,0.4138911050960408,11,item_22,39.0,Fatigue crack
29,0.5369712132248602,10,item_22,39.0,Fatigue crack
30,0.573814109016853,9,item_22,39.0,Fatigue crack
31,0.5889738888731126,8,item_22,39.0,Fatigue crack
32,0.5933451441538773,7,item_22,39.0,Fatigue crack
33,0.6288999176261936,6,item_22,39.0,Fatigue crack
34,0.6815129747723997,5,item_22,39.0,Fatigue crack
35,0.7553610992104531,4,item_22,39.0,Fatigue crack
36,0.8393533705915991,3,item_22,39.0,Fatigue crack
37,0.821867384955754,2,item_22,39.0,Fatigue crack
38,0.8237921390974975,1,item_22,39.0,Fatigue crack
39,0.8628947717947789,0,item_22,39.0,Fatigue crack
0,0.0024280584487396,39,item_34,39.0,Fatigue crack
1,0.0207701268239862,38,item_34,39.0,Fatigue crack
2,0.0426717884910439,37,item_34,39.0,Fatigue crack
3,-0.0313591843530587,36,item_34,39.0,Fatigue crack
4,-0.0021697330966646,35,item_34,39.0,Fatigue crack
5,-0.0183170142414221,34,item_34,39.0,Fatigue crack
6,0.0080266213439897,33,item_34,39.0,Fatigue crack
7,-0.0273244153331315,32,item_34,39.0,Fatigue crack
8,-0.0184173332862344,31,item_34,39.0,Fatigue crack
9,-0.0102529689686535,30,item_34,39.0,Fatigue crack
10,0.0048092110754114,29,item_34,39.0,Fatigue crack
11,0.0427062663543775,28,item_34,39.0,Fatigue crack
12,0.0444714427297102,27,item_34,39.0,Fatigue crack
13,-0.0723393732827021,26,item_34,39.0,Fatigue crack
14,0.0788973864749425,25,item_34,39.0,Fatigue crack
15,0.1070428599485634,24,item_34,39.0,Fatigue crack
16,0.0234168116802308,23,item_34,39.0,Fatigue crack
17,0.1000738765730293,22,item_34,39.0,Fatigue crack
18,0.1041992842657358,21,item_34,39.0,Fatigue crack
19,0.0841332869956608,20,item_34,39.0,Fatigue crack
20,0.0780773053159418,19,item_34,39.0,Fatigue crack
21,0.1169655420087009,18,item_34,39.0,Fatigue crack
22,0.1808596748720358,17,item_34,39.0,Fatigue crack
23,0.1411549840323859,16,item_34,39.0,Fatigue crack
24,0.2290046874075915,15,item_34,39.0,Fatigue crack
25,0.2217574337603126,14,item_34,39.0,Fatigue crack
26,0.2036580797183878,13,item_34,39.0,Fatigue crack
27,0.3056868005545883,12,item_34,39.0,Fatigue crack
28,0.3286176299183507,11,item_34,39.0,Fatigue crack
29,0.3177633140365982,10,item_34,39.0,Fatigue crack
30,0.4990809607403376,9,item_34,39.0,Fatigue crack
31,0.4580638419030666,8,item_34,39.0,Fatigue crack
32,0.5560016732298545,7,item_34,39.0,Fatigue crack
33,0.5133792475020402,6,item_34,39.0,Fatigue crack
34,0.6759323736496113,5,item_34,39.0,Fatigue crack
35,0.8590214358673682,4,item_34,39.0,Fatigue crack
36,0.834708286352413,3,item_34,39.0,Fatigue crack
37,0.8329910572622343,2,item_34,39.0,Fatigue crack
38,0.8998639105634383,1,item_34,39.0,Fatigue crack
39,0.8958363101521483,0,item_34,39.0,Fatigue crack
0,0.0078861348314152,32,item_20,32.0,Fatigue crack
1,0.0449962580101769,31,item_20,32.0,Fatigue crack
2,0.0510295699158985,30,item_20,32.0,Fatigue crack
3,0.044969031897153,29,item_20,32.0,Fatigue crack
4,0.01095534646774,28,item_20,32.0,Fatigue crack
5,0.0207440954917659,27,item_20,32.0,Fatigue crack
6,0.0143786265698674,26,item_20,32.0,Fatigue crack
7,-0.0425648487825387,25,item_20,32.0,Fatigue crack
8,0.0047035607957547,24,item_20,32.0,Fatigue crack
9,0.0622360171103519,23,item_20,32.0,Fatigue crack
10,0.0314193602287837,22,item_20,32.0,Fatigue crack
11,0.1154445501806069,21,item_20,32.0,Fatigue crack
12,0.270957956398728,20,item_20,32.0,Fatigue crack
13,0.0606719504027051,19,item_20,32.0,Fatigue crack
14,0.0803871536693163,18,item_20,32.0,Fatigue crack
15,0.2327352713875813,17,item_20,32.0,Fatigue crack
16,0.1706259654735755,16,item_20,32.0,Fatigue crack
17,0.1460383437650033,15,item_20,32.0,Fatigue crack
18,0.2026978033700308,14,item_20,32.0,Fatigue crack
19,0.290927659881495,13,item_20,32.0,Fatigue crack
20,0.2468781930342589,12,item_20,32.0,Fatigue crack
21,0.3936719487972874,11,item_20,32.0,Fatigue crack
22,0.3400657968339098,10,item_20,32.0,Fatigue crack
23,0.4134089447149122,9,item_20,32.0,Fatigue crack
24,0.4727716386000931,8,item_20,32.0,Fatigue crack
25,0.5283612235475222,7,item_20,32.0,Fatigue crack
26,0.6140377632238526,6,item_20,32.0,Fatigue crack
27,0.7037719881647855,5,item_20,32.0,Fatigue crack
28,0.7236982094776433,4,item_20,32.0,Fatigue crack
29,0.8728053193830314,3,item_20,32.0,Fatigue crack
30,0.876042168791056,2,item_20,32.0,Fatigue crack
31,0.8544560696660449,1,item_20,32.0,Fatigue crack
32,0.9154041142532056,0,item_20,32.0,Fatigue crack
0,0.0026489841806584,50,item_21,50.0,Fatigue crack
1,-0.0632189846004103,49,item_21,50.0,Fatigue crack
2,-0.0830742379619812,48,item_21,50.0,Fatigue crack
3,0.0847865156277497,47,item_21,50.0,Fatigue crack
4,-0.0549369352892263,46,item_21,50.0,Fatigue crack
5,-0.0239170470491242,45,item_21,50.0,Fatigue crack
6,-0.0650888825385019,44,item_21,50.0,Fatigue crack
7,-0.0092455542651724,43,item_21,50.0,Fatigue crack
8,0.0091565352737274,42,item_21,50.0,Fatigue crack
9,0.0464147770488133,41,item_21,50.0,Fatigue crack
10,0.0282888281727617,40,item_21,50.0,Fatigue crack
11,0.029311329659521,39,item_21,50.0,Fatigue crack
12,0.0761697325576711,38,item_21,50.0,Fatigue crack
13,0.0151242404899753,37,item_21,50.0,Fatigue crack
14,0.0576496844799905,36,item_21,50.0,Fatigue crack
15,-0.0389835012258513,35,item_21,50.0,Fatigue crack
16,0.0273815549054707,34,item_21,50.0,Fatigue crack
17,-0.0465876215628343,33,item_21,50.0,Fatigue crack
18,0.0655344609925613,32,item_21,50.0,Fatigue crack
19,0.1191527965459525,31,item_21,50.0,Fatigue crack
20,0.0595065588782854,30,item_21,50.0,Fatigue crack
21,0.0667259100074081,29,item_21,50.0,Fatigue crack
22,0.1354778460432755,28,item_21,50.0,Fatigue crack
23,0.1813469176251841,27,item_21,50.0,Fatigue crack
24,0.2525482590444389,26,item_21,50.0,Fatigue crack
25,0.1346424951120623,25,item_21,50.0,Fatigue crack
26,0.1800943110499131,24,item_21,50.0,Fatigue crack
27,0.1894852994815432,23,item_21,50.0,Fatigue crack
28,0.3140469576643883,22,item_21,50.0,Fatigue crack
29,0.3118794596033473,21,item_21,50.0,Fatigue crack
30,0.2872294470507606,20,item_21,50.0,Fatigue crack
31,0.3609758779702228,19,item_21,50.0,Fatigue crack
32,0.4883747228948136,18,item_21,50.0,Fatigue crack
33,0.41739085398093,17,item_21,50.0,Fatigue crack
34,0.4311926758587748,16,item_21,50.0,Fatigue crack
35,0.543304048396211,15,item_21,50.0,Fatigue crack
36,0.6137415480705275,14,item_21,50.0,Fatigue crack
37,0.6133183085758023,13,item_21,50.0,Fatigue crack
38,0.6593942632594326,12,item_21,50.0,Fatigue crack
39,0.5974174849120513,11,item_21,50.0,Fatigue crack
40,0.7743913685733279,10,item_21,50.0,Fatigue crack
41,0.8253031040188588,9,item_21,50.0,Fatigue crack
42,0.734453847701495,8,item_21,50.0,Fatigue crack
43,0.737772748216581,7,item_21,50.0,Fatigue crack
44,0.8286418423468319,6,item_21,50.0,Fatigue crack
45,0.7419071197950674,5,item_21,50.0,Fatigue crack
46,0.881584180386308,4,item_21,50.0,Fatigue crack
47,0.8549826733047298,3,item_21,50.0,Fatigue crack
48,0.8056684288036801,2,item_21,50.0,Fatigue crack
49,0.8329893895467896,1,item_21,50.0,Fatigue crack
50,0.8663719647290736,0,item_21,50.0,Fatigue crack
0,0.0056843886430909,43,item_35,43.0,Fatigue crack
1,0.03818482625059,42,item_35,43.0,Fatigue crack
2,-0.0123309616604833,41,item_35,43.0,Fatigue crack
3,-0.0177914656184735,40,item_35,43.0,Fatigue crack
4,0.0119838753145301,39,item_35,43.0,Fatigue crack
5,0.0289190617946405,38,item_35,43.0,Fatigue crack
6,-0.0248094373168144,37,item_35,43.0,Fatigue crack
7,-0.0534084670825642,36,item_35,43.0,Fatigue crack
8,-0.0081867231849347,35,item_35,43.0,Fatigue crack
9,0.0549567623846177,34,item_35,43.0,Fatigue crack
10,0.111913669415996,33,item_35,43.0,Fatigue crack
11,0.0502558188034398,32,item_35,43.0,Fatigue crack
12,-0.0338639793949666,31,item_35,43.0,Fatigue crack
13,-0.0514625604736858,30,item_35,43.0,Fatigue crack
14,0.091283020737215,29,item_35,43.0,Fatigue crack
15,-0.0310900299282271,28,item_35,43.0,Fatigue crack
16,0.1682292347355601,27,item_35,43.0,Fatigue crack
17,0.1376110020285927,26,item_35,43.0,Fatigue crack
18,0.1093112611522513,25,item_35,43.0,Fatigue crack
19,0.1597242914650522,24,item_35,43.0,Fatigue crack
20,0.189264617133162,23,item_35,43.0,Fatigue crack
21,0.1820248376771923,22,item_35,43.0,Fatigue crack
22,0.1485982420335979,21,item_35,43.0,Fatigue crack
23,0.2425411433203486,20,item_35,43.0,Fatigue crack
24,0.3080758733045011,19,item_35,43.0,Fatigue crack
25,0.3855199540861177,18,item_35,43.0,Fatigue crack
26,0.3179233153030504,17,item_35,43.0,Fatigue crack
27,0.4079269474921776,16,item_35,43.0,Fatigue crack
28,0.4824638901134657,15,item_35,43.0,Fatigue crack
29,0.4699029709097951,14,item_35,43.0,Fatigue crack
30,0.4875707685470575,13,item_35,43.0,Fatigue crack
31,0.5073732285031721,12,item_35,43.0,Fatigue crack
32,0.6792039659879305,11,item_35,43.0,Fatigue crack
33,0.6515931254464964,10,item_35,43.0,Fatigue crack
34,0.6844798544848629,9,item_35,43.0,Fatigue crack
35,0.6560585804454734,8,item_35,43.0,Fatigue crack
36,0.6942360365472051,7,item_35,43.0,Fatigue crack
37,0.8071830145970954,6,item_35,43.0,Fatigue crack
38,0.8067735292547012,5,item_35,43.0,Fatigue crack
39,0.7169933225967352,4,item_35,43.0,Fatigue crack
40,0.8595871557317838,3,item_35,43.0,Fatigue crack
41,0.8562528183250777,2,item_35,43.0,Fatigue crack
42,0.8369162380856485,1,item_35,43.0,Fatigue crack
43,0.879798529456629,0,item_35,43.0,Fatigue crack
0,0.0042726899740687,42,item_31,42.0,Fatigue crack
1,-0.0628702675401306,41,item_31,42.0,Fatigue crack
2,0.0161862528658066,40,item_31,42.0,Fatigue crack
3,0.0729266719695282,39,item_31,42.0,Fatigue crack
4,-0.0445074638175934,38,item_31,42.0,Fatigue crack
5,0.023480343829492,37,item_31,42.0,Fatigue crack
6,-0.0162213427786507,36,item_31,42.0,Fatigue crack
7,0.049376844732785,35,item_31,42.0,Fatigue crack
8,0.0488917403161032,34,item_31,42.0,Fatigue crack
9,-0.0144898096262183,33,item_31,42.0,Fatigue crack
10,0.0459271841158603,32,item_31,42.0,Fatigue crack
11,-0.0735509310559398,31,item_31,42.0,Fatigue crack
12,-0.0484907300788224,30,item_31,42.0,Fatigue crack
13,0.0597077646031111,29,item_31,42.0,Fatigue crack
14,0.0410630750736392,28,item_31,42.0,Fatigue crack
15,0.0548800564832917,27,item_31,42.0,Fatigue crack
16,0.1092595108584718,26,item_31,42.0,Fatigue crack
17,0.1592031516448679,25,item_31,42.0,Fatigue crack
18,0.1259149554418531,24,item_31,42.0,Fatigue crack
19,0.2034883423468154,23,item_31,42.0,Fatigue crack
20,0.1345082988783719,22,item_31,42.0,Fatigue crack
21,0.1624733205266175,21,item_31,42.0,Fatigue crack
22,0.2159952147832057,20,item_31,42.0,Fatigue crack
23,0.1716197145295379,19,item_31,42.0,Fatigue crack
24,0.2425363873390881,18,item_31,42.0,Fatigue crack
25,0.2878790109239587,17,item_31,42.0,Fatigue crack
26,0.4078782463564366,16,item_31,42.0,Fatigue crack
27,0.3486966098146232,15,item_31,42.0,Fatigue crack
28,0.4153438715261316,14,item_31,42.0,Fatigue crack
29,0.5969551830931025,13,item_31,42.0,Fatigue crack
30,0.595132562035999,12,item_31,42.0,Fatigue crack
31,0.5278147657317018,11,item_31,42.0,Fatigue crack
32,0.5699202787504387,10,item_31,42.0,Fatigue crack
33,0.586427060292707,9,item_31,42.0,Fatigue crack
34,0.6764403049330656,8,item_31,42.0,Fatigue crack
35,0.7402960203376702,7,item_31,42.0,Fatigue crack
36,0.7086121054471781,6,item_31,42.0,Fatigue crack
37,0.7563469978977152,5,item_31,42.0,Fatigue crack
38,0.7262060588466287,4,item_31,42.0,Fatigue crack
39,0.7394619653922642,3,item_31,42.0,Fatigue crack
40,0.8312332751097914,2,item_31,42.0,Fatigue crack
41,0.86431179281164,1,item_31,42.0,Fatigue crack
42,0.8533522060305646,0,item_31,42.0,Fatigue crack
0,0.0129245410952989,12,item_25,12.0,Control board failure
1,-0.0693214338610849,11,item_25,12.0,Control board failure
2,0.0330555347689275,10,item_25,12.0,Control board failure
3,0.0924725252773055,9,item_25,12.0,Control board failure
4,0.0416659339641763,8,item_25,12.0,Control board failure
5,0.0327726807398617,7,item_25,12.0,Control board failure
6,0.0101520779783873,6,item_25,12.0,Control board failure
7,0.022190452810832,5,item_25,12.0,Control board failure
8,0.077710635489818,4,item_25,12.0,Control board failure
9,0.0625565253397408,3,item_25,12.0,Control board failure
10,0.0733909076986316,2,item_25,12.0,Control board failure
11,0.0289003268565194,1,item_25,12.0,Control board failure
12,0.1423928161952324,0,item_25,12.0,Control board failure
13,0.1643783958545093,0,item_25,12.0,Control board failure
0,0.0027774180246851,60,item_19,60.0,Fatigue crack
1,0.1072742264447631,59,item_19,60.0,Fatigue crack
2,0.0039810064713547,58,item_19,60.0,Fatigue crack
3,0.0783632883021935,57,item_19,60.0,Fatigue crack
4,0.0467686259679247,56,item_19,60.0,Fatigue crack
5,0.0150369646203753,55,item_19,60.0,Fatigue crack
6,0.0434747356026825,54,item_19,60.0,Fatigue crack
7,-0.0453949063083343,53,item_19,60.0,Fatigue crack
8,0.023133030684622,52,item_19,60.0,Fatigue crack
9,0.0779462002123688,51,item_19,60.0,Fatigue crack
10,0.0763100653900102,50,item_19,60.0,Fatigue crack
11,0.0039321945691754,49,item_19,60.0,Fatigue crack
12,0.0078137931625131,48,item_19,60.0,Fatigue crack
13,0.1104523286328581,47,item_19,60.0,Fatigue crack
14,-0.0022591593940285,46,item_19,60.0,Fatigue crack
15,0.0646773578365454,45,item_19,60.0,Fatigue crack
16,0.0341724529165341,44,item_19,60.0,Fatigue crack
17,0.0785740693073715,43,item_19,60.0,Fatigue crack
18,0.1017937382864214,42,item_19,60.0,Fatigue crack
19,0.1311912182588609,41,item_19,60.0,Fatigue crack
20,0.0839577698240587,40,item_19,60.0,Fatigue crack
21,0.1682350115256147,39,item_19,60.0,Fatigue crack
22,0.1211937631335605,38,item_19,60.0,Fatigue crack
23,0.1151985701486118,37,item_19,60.0,Fatigue crack
24,0.1789242492836864,36,item_19,60.0,Fatigue crack
25,0.3451176343507898,35,item_19,60.0,Fatigue crack
26,0.2764714663240544,34,item_19,60.0,Fatigue crack
27,0.3327765757261278,33,item_19,60.0,Fatigue crack
28,0.339879809501895,32,item_19,60.0,Fatigue crack
29,0.4188907829258022,31,item_19,60.0,Fatigue crack
30,0.4879277093164804,30,item_19,60.0,Fatigue crack
31,0.5966164492285592,29,item_19,60.0,Fatigue crack
32,0.5148785109211316,28,item_19,60.0,Fatigue crack
33,0.5665599008128924,27,item_19,60.0,Fatigue crack
34,0.6154106093301713,26,item_19,60.0,Fatigue crack
35,0.552545082296483,25,item_19,60.0,Fatigue crack
36,0.6275354035809695,24,item_19,60.0,Fatigue crack
37,0.6190956301525826,23,item_19,60.0,Fatigue crack
38,0.6819080229367972,22,item_19,60.0,Fatigue crack
39,0.831437206445952,21,item_19,60.0,Fatigue crack
40,0.7573937375618863,20,item_19,60.0,Fatigue crack
41,0.7132151602030226,19,item_19,60.0,Fatigue crack
42,0.7409325470051804,18,item_19,60.0,Fatigue crack
43,0.751288745741922,17,item_19,60.0,Fatigue crack
44,0.7800177397892136,16,item_19,60.0,Fatigue crack
45,0.9226550377956528,15,item_19,60.0,Fatigue crack
46,0.8178012066423852,14,item_19,60.0,Fatigue crack
47,0.8902177891506994,13,item_19,60.0,Fatigue crack
48,0.90616446661787,12,item_19,60.0,Fatigue crack
49,0.8833655452259569,11,item_19,60.0,Fatigue crack
50,0.8489662450547204,10,item_19,60.0,Fatigue crack
51,0.8588802348090928,9,item_19,60.0,Fatigue crack
52,0.8810685916863747,8,item_19,60.0,Fatigue crack
53,0.7964464406721754,7,item_19,60.0,Fatigue crack
54,0.7990497568480113,6,item_19,60.0,Fatigue crack
55,0.8163493653117967,5,item_19,60.0,Fatigue crack
56,0.9001991481144007,4,item_19,60.0,Fatigue crack
57,0.7991846213369235,3,item_19,60.0,Fatigue crack
58,0.897372929548722,2,item_19,60.0,Fatigue crack
59,0.831398046873367,1,item_19,60.0,Fatigue crack
60,0.8269870218442228,0,item_19,60.0,Fatigue crack
0,0.0089104852983365,35,item_18,35.0,Fatigue crack
1,0.0452694739386091,34,item_18,35.0,Fatigue crack
2,0.0318030981588162,33,item_18,35.0,Fatigue crack
3,-0.013823189679167,32,item_18,35.0,Fatigue crack
4,0.0513816680009509,31,item_18,35.0,Fatigue crack
5,0.07259807184524,30,item_18,35.0,Fatigue crack
6,0.0896243114398839,29,item_18,35.0,Fatigue crack
7,0.1403972151626198,28,item_18,35.0,Fatigue crack
8,0.1326265895957092,27,item_18,35.0,Fatigue crack
9,0.0758517356278618,26,item_18,35.0,Fatigue crack
10,-0.0065547863727427,25,item_18,35.0,Fatigue crack
11,0.0817394812686046,24,item_18,35.0,Fatigue crack
12,0.1444461103657094,23,item_18,35.0,Fatigue crack
13,0.0448766278710461,22,item_18,35.0,Fatigue crack
14,0.1789240536446587,21,item_18,35.0,Fatigue crack
15,0.1347763029868425,20,item_18,35.0,Fatigue crack
16,0.1452421528564792,19,item_18,35.0,Fatigue crack
17,0.1625150070583685,18,item_18,35.0,Fatigue crack
18,0.1773075162608114,17,item_18,35.0,Fatigue crack
19,0.177841484143801,16,item_18,35.0,Fatigue crack
20,0.3827990892155631,15,item_18,35.0,Fatigue crack
21,0.2859346158052601,14,item_18,35.0,Fatigue crack
22,0.4433029162553661,13,item_18,35.0,Fatigue crack
23,0.4238765457173221,12,item_18,35.0,Fatigue crack
24,0.4745033019964823,11,item_18,35.0,Fatigue crack
25,0.6225171144251311,10,item_18,35.0,Fatigue crack
26,0.5950232095746483,9,item_18,35.0,Fatigue crack
27,0.5409831521040905,8,item_18,35.0,Fatigue crack
28,0.6985787837024436,7,item_18,35.0,Fatigue crack
29,0.699633896956834,6,item_18,35.0,Fatigue crack
30,0.6301501671727038,5,item_18,35.0,Fatigue crack
31,0.8280335379771988,4,item_18,35.0,Fatigue crack
32,0.755665956708634,3,item_18,35.0,Fatigue crack
33,0.8406339331675422,2,item_18,35.0,Fatigue crack
34,0.8524227107011021,1,item_18,35.0,Fatigue crack
35,0.8783700563820382,0,item_18,35.0,Fatigue crack
0,0.0166267012821579,29,item_24,29.0,Fatigue crack
1,-0.0249275351719296,28,item_24,29.0,Fatigue crack
2,-0.0337271367621324,27,item_24,29.0,Fatigue crack
3,-0.0419789416847528,26,item_24,29.0,Fatigue crack
4,-0.0407892032260258,25,item_24,29.0,Fatigue crack
5,0.0562745757600026,24,item_24,29.0,Fatigue crack
6,0.0722702911480085,23,item_24,29.0,Fatigue crack
7,0.0829331382301924,22,item_24,29.0,Fatigue crack
8,0.0825482157973849,21,item_24,29.0,Fatigue crack
9,0.1270053164363234,20,item_24,29.0,Fatigue crack
10,0.1760186170794859,19,item_24,29.0,Fatigue crack
11,0.0420987155468066,18,item_24,29.0,Fatigue crack
12,0.193566646289197,17,item_24,29.0,Fatigue crack
13,0.1452717198046256,16,item_24,29.0,Fatigue crack
14,0.1700525440261703,15,item_24,29.0,Fatigue crack
15,0.2415907475298989,14,item_24,29.0,Fatigue crack
16,0.2500499578575086,13,item_24,29.0,Fatigue crack
17,0.3086168982730436,12,item_24,29.0,Fatigue crack
18,0.2100836048498746,11,item_24,29.0,Fatigue crack
19,0.2636200126182717,10,item_24,29.0,Fatigue crack
20,0.3705450977809019,9,item_24,29.0,Fatigue crack
21,0.3416309202334305,8,item_24,29.0,Fatigue crack
22,0.4487974389886214,7,item_24,29.0,Fatigue crack
23,0.6458951824190754,6,item_24,29.0,Fatigue crack
24,0.5800753455688908,5,item_24,29.0,Fatigue crack
25,0.7882134035007369,4,item_24,29.0,Fatigue crack
26,0.7302094756630256,3,item_24,29.0,Fatigue crack
27,0.7247006432446572,2,item_24,29.0,Fatigue crack
28,0.8528640779515658,1,item_24,29.0,Fatigue crack
29,0.8588465288429213,0,item_24,29.0,Fatigue crack
0,0.0086090775213087,39,item_30,39.0,Fatigue crack
1,-0.0554041509237727,38,item_30,39.0,Fatigue crack
2,-0.0747459762280219,37,item_30,39.0,Fatigue crack
3,0.014344787378287,36,item_30,39.0,Fatigue crack
4,-0.0104531876521368,35,item_30,39.0,Fatigue crack
5,0.0642619488785839,34,item_30,39.0,Fatigue crack
6,0.0583581534914712,33,item_30,39.0,Fatigue crack
7,0.0359282099556682,32,item_30,39.0,Fatigue crack
8,-0.0278867581562903,31,item_30,39.0,Fatigue crack
9,0.0402793489551655,30,item_30,39.0,Fatigue crack
10,-0.0362312798261674,29,item_30,39.0,Fatigue crack
11,0.0510289627803335,28,item_30,39.0,Fatigue crack
12,0.1256679040976898,27,item_30,39.0,Fatigue crack
13,0.2035345949590399,26,item_30,39.0,Fatigue crack
14,0.1308148567713432,25,item_30,39.0,Fatigue crack
15,0.0646808716394499,24,item_30,39.0,Fatigue crack
16,0.1368400519221862,23,item_30,39.0,Fatigue crack
17,0.1669791505518318,22,item_30,39.0,Fatigue crack
18,0.2327246613339689,21,item_30,39.0,Fatigue crack
19,0.1799164611846135,20,item_30,39.0,Fatigue crack
20,0.2661248745603934,19,item_30,39.0,Fatigue crack
21,0.1695421321007875,18,item_30,39.0,Fatigue crack
22,0.3671421103916045,17,item_30,39.0,Fatigue crack
23,0.3486710278866591,16,item_30,39.0,Fatigue crack
24,0.3885124308846513,15,item_30,39.0,Fatigue crack
25,0.3642944640083058,14,item_30,39.0,Fatigue crack
26,0.5226973640882471,13,item_30,39.0,Fatigue crack
27,0.4901935118129854,12,item_30,39.0,Fatigue crack
28,0.5677607714960943,11,item_30,39.0,Fatigue crack
29,0.5518471428019629,10,item_30,39.0,Fatigue crack
30,0.638546475099531,9,item_30,39.0,Fatigue crack
31,0.6940782249326645,8,item_30,39.0,Fatigue crack
32,0.6787630692484636,7,item_30,39.0,Fatigue crack
33,0.6818302591785115,6,item_30,39.0,Fatigue crack
34,0.7621478203749976,5,item_30,39.0,Fatigue crack
35,0.7749982448070678,4,item_30,39.0,Fatigue crack
36,0.7877798026330137,3,item_30,39.0,Fatigue crack
37,0.8202138759466002,2,item_30,39.0,Fatigue crack
38,0.8195825390799811,1,item_30,39.0,Fatigue crack
39,0.8850316318971809,0,item_30,39.0,Fatigue crack
0,0.0044620306578439,40,item_26,40.0,Fatigue crack
1,-0.0187322918420897,39,item_26,40.0,Fatigue crack
2,0.0514751565175228,38,item_26,40.0,Fatigue crack
3,-0.0023644115543952,37,item_26,40.0,Fatigue crack
4,0.0491443042245752,36,item_26,40.0,Fatigue crack
5,0.0762956911716369,35,item_26,40.0,Fatigue crack
6,0.0606069381753489,34,item_26,40.0,Fatigue crack
7,-0.0863226985288452,33,item_26,40.0,Fatigue crack
8,0.0581474486427909,32,item_26,40.0,Fatigue crack
9,0.0243941365962454,31,item_26,40.0,Fatigue crack
10,0.0208820351837369,30,item_26,40.0,Fatigue crack
11,0.0490453642624894,29,item_26,40.0,Fatigue crack
12,0.1071308292405651,28,item_26,40.0,Fatigue crack
13,-0.0249488449763397,27,item_26,40.0,Fatigue crack
14,0.0824718043048399,26,item_26,40.0,Fatigue crack
15,0.0455027663513052,25,item_26,40.0,Fatigue crack
16,-2.639503539514365e-05,24,item_26,40.0,Fatigue crack
17,0.076852650414842,23,item_26,40.0,Fatigue crack
18,0.1544930608122774,22,item_26,40.0,Fatigue crack
19,0.0867845981280732,21,item_26,40.0,Fatigue crack
20,0.1574739751957054,20,item_26,40.0,Fatigue crack
21,0.1096606603353039,19,item_26,40.0,Fatigue crack
22,0.3136108061354216,18,item_26,40.0,Fatigue crack
23,0.390440323287914,17,item_26,40.0,Fatigue crack
24,0.2545035911999489,16,item_26,40.0,Fatigue crack
25,0.3014966628013875,15,item_26,40.0,Fatigue crack
26,0.3345908228249485,14,item_26,40.0,Fatigue crack
27,0.4159382636273676,13,item_26,40.0,Fatigue crack
28,0.5057326111546292,12,item_26,40.0,Fatigue crack
29,0.3982016726466182,11,item_26,40.0,Fatigue crack
30,0.5482628752598626,10,item_26,40.0,Fatigue crack
31,0.6123677479641286,9,item_26,40.0,Fatigue crack
32,0.6266357256220962,8,item_26,40.0,Fatigue crack
33,0.6278333133700023,7,item_26,40.0,Fatigue crack
34,0.6524794803202792,6,item_26,40.0,Fatigue crack
35,0.8191457896436407,5,item_26,40.0,Fatigue crack
36,0.8029758436903182,4,item_26,40.0,Fatigue crack
37,0.727244380509989,3,item_26,40.0,Fatigue crack
38,0.7619645698212236,2,item_26,40.0,Fatigue crack
39,0.8766168317304609,1,item_26,40.0,Fatigue crack
40,0.8642267069810793,0,item_26,40.0,Fatigue crack
0,0.013017691880181,43,item_32,43.0,Fatigue crack
1,-0.0862299171727849,42,item_32,43.0,Fatigue crack
2,-0.011400057536002,41,item_32,43.0,Fatigue crack
3,-0.0687246196770338,40,item_32,43.0,Fatigue crack
4,0.0328824192242189,39,item_32,43.0,Fatigue crack
5,-0.0250975866645951,38,item_32,43.0,Fatigue crack
6,-0.0655639096813,37,item_32,43.0,Fatigue crack
7,0.0432320903524194,36,item_32,43.0,Fatigue crack
8,0.0727950680402252,35,item_32,43.0,Fatigue crack
9,0.0595786885283972,34,item_32,43.0,Fatigue crack
10,0.0848174374173091,33,item_32,43.0,Fatigue crack
11,0.1546501776145669,32,item_32,43.0,Fatigue crack
12,0.1377726842154556,31,item_32,43.0,Fatigue crack
13,0.0261109334003856,30,item_32,43.0,Fatigue crack
14,0.2035632472369512,29,item_32,43.0,Fatigue crack
15,0.1921857417315551,28,item_32,43.0,Fatigue crack
16,0.1549368457028453,27,item_32,43.0,Fatigue crack
17,0.2980329809806289,26,item_32,43.0,Fatigue crack
18,0.1968681905311436,25,item_32,43.0,Fatigue crack
19,0.300476046894445,24,item_32,43.0,Fatigue crack
20,0.2465681747788305,23,item_32,43.0,Fatigue crack
21,0.2784688878456323,22,item_32,43.0,Fatigue crack
22,0.4186741889720835,21,item_32,43.0,Fatigue crack
23,0.3445091499468683,20,item_32,43.0,Fatigue crack
24,0.4693218455636238,19,item_32,43.0,Fatigue crack
25,0.349687810737641,18,item_32,43.0,Fatigue crack
26,0.5024443201574562,17,item_32,43.0,Fatigue crack
27,0.4453258067182457,16,item_32,43.0,Fatigue crack
28,0.5928237653883514,15,item_32,43.0,Fatigue crack
29,0.6237460918755507,14,item_32,43.0,Fatigue crack
30,0.710508123640541,13,item_32,43.0,Fatigue crack
31,0.7512351012643403,12,item_32,43.0,Fatigue crack
32,0.7062835085686631,11,item_32,43.0,Fatigue crack
33,0.7142683748734585,10,item_32,43.0,Fatigue crack
34,0.7948658643802535,9,item_32,43.0,Fatigue crack
35,0.8455832186438297,8,item_32,43.0,Fatigue crack
36,0.8385930700545723,7,item_32,43.0,Fatigue crack
37,0.7640753383719056,6,item_32,43.0,Fatigue crack
38,0.7817296014388482,5,item_32,43.0,Fatigue crack
39,0.8266498326463249,4,item_32,43.0,Fatigue crack
40,0.8620537257685932,3,item_32,43.0,Fatigue crack
41,0.8299582335824301,2,item_32,43.0,Fatigue crack
42,0.8139215252468115,1,item_32,43.0,Fatigue crack
43,0.943335259702729,0,item_32,43.0,Fatigue crack
0,0.0038190321828826,42,item_33,42.0,Fatigue crack
1,-0.004701286738721,41,item_33,42.0,Fatigue crack
2,-0.0023470366688478,40,item_33,42.0,Fatigue crack
3,-0.0619044750499259,39,item_33,42.0,Fatigue crack
4,-0.0221808809799607,38,item_33,42.0,Fatigue crack
5,-0.0587682010752165,37,item_33,42.0,Fatigue crack
6,-0.0312305251975945,36,item_33,42.0,Fatigue crack
7,-0.035053329864409,35,item_33,42.0,Fatigue crack
8,0.0532068748012525,34,item_33,42.0,Fatigue crack
9,-0.0330015847213507,33,item_33,42.0,Fatigue crack
10,0.0221161339186744,32,item_33,42.0,Fatigue crack
11,-0.0388233339023991,31,item_33,42.0,Fatigue crack
12,-0.02515797702531,30,item_33,42.0,Fatigue crack
13,0.032684473745365,29,item_33,42.0,Fatigue crack
14,0.0055079364929718,28,item_33,42.0,Fatigue crack
15,0.1115088441556342,27,item_33,42.0,Fatigue crack
16,0.0660901111600083,26,item_33,42.0,Fatigue crack
17,0.1050638575550671,25,item_33,42.0,Fatigue crack
18,0.0870278604830513,24,item_33,42.0,Fatigue crack
19,0.0658457642712283,23,item_33,42.0,Fatigue crack
20,0.0560720846430671,22,item_33,42.0,Fatigue crack
21,0.2336344582941423,21,item_33,42.0,Fatigue crack
22,0.1788039542661781,20,item_33,42.0,Fatigue crack
23,0.2230455560104117,19,item_33,42.0,Fatigue crack
24,0.1961239333485532,18,item_33,42.0,Fatigue crack
25,0.3297933153264217,17,item_33,42.0,Fatigue crack
26,0.3036142913551535,16,item_33,42.0,Fatigue crack
27,0.3278926251246812,15,item_33,42.0,Fatigue crack
28,0.3627463931829092,14,item_33,42.0,Fatigue crack
29,0.3895655961027542,13,item_33,42.0,Fatigue crack
30,0.3832775674345933,12,item_33,42.0,Fatigue crack
31,0.5936127742698053,11,item_33,42.0,Fatigue crack
32,0.5275421853046426,10,item_33,42.0,Fatigue crack
33,0.6126008062505072,9,item_33,42.0,Fatigue crack
34,0.5959148714724845,8,item_33,42.0,Fatigue crack
35,0.702253373764754,7,item_33,42.0,Fatigue crack
36,0.673118612377176,6,item_33,42.0,Fatigue crack
37,0.6615845674659703,5,item_33,42.0,Fatigue crack
38,0.7494239880038474,4,item_33,42.0,Fatigue crack
39,0.7390576852578922,3,item_33,42.0,Fatigue crack
40,0.8594606086934825,2,item_33,42.0,Fatigue crack
41,0.8969770775936763,1,item_33,42.0,Fatigue crack
42,0.7275483009171939,0,item_33,42.0,Fatigue crack
0,0.0056214547199358,12,item_27,12.0,Control board failure
1,0.0372112250903514,11,item_27,12.0,Control board failure
2,-0.0658323625014185,10,item_27,12.0,Control board failure
3,-0.0245944514154534,9,item_27,12.0,Control board failure
4,0.1000368639218907,8,item_27,12.0,Control board failure
5,0.037664512378414,7,item_27,12.0,Control board failure
6,-0.1489016392866471,6,item_27,12.0,Control board failure
7,0.0292521994943102,5,item_27,12.0,Control board failure
8,-0.016294789375344,4,item_27,12.0,Control board failure
9,0.1301447953883907,3,item_27,12.0,Control board failure
10,-0.0298312648485079,2,item_27,12.0,Control board failure
11,0.0085309122832994,1,item_27,12.0,Control board failure
12,0.0425548048752591,0,item_27,12.0,Control board failure
13,0.1217979939565528,0,item_27,12.0,Control board failure
